time;Flex6;GyroY;angle;filteredAngle;Offset;P
0.033;694.046862628101;2.702261069584079;39.64;36.79;-12.63;11.16
0.066;701.1195412970462;3.7775491744359724;46.01;46.55;-10.13;9.91
0.099;683.5136926378618;3.3505161393756673;30.16;36.76;0.42;9.05
0.132;692.0927765906628;3.6068594938562653;37.88;37.38;0.05;7.91
0.165;708.2508451468638;2.6639710337622864;52.43;46.07;-2.62;6.91
0.198;688.9960529015012;3.5114563070315796;35.10;41.88;-0.83;6.10
0.231;695.9459022132056;3.3940600791845323;41.35;42.16;-0.68;5.44
0.264;706.0717853737384;1.8769670094319517;50.46;46.03;-1.27;4.90
0.29700000000000004;707.3235987931469;3.1196626095680067;51.59;48.98;-1.53;4.46
0.33000000000000007;697.379491682447;2.736351536104239;42.64;47.92;-1.11;4.09
0.3630000000000001;696.046959991081;3.1748074835718505;41.44;46.74;-0.78;3.78
0.39600000000000013;697.2045328132115;2.464502061120439;42.48;46.13;-0.59;3.51
0.42900000000000016;707.9914957305318;3.6532169961199;52.19;48.30;-0.76;3.28
0.4620000000000002;693.7209440621821;3.3321528717296314;39.35;46.67;-0.49;3.08
0.4950000000000002;699.5807719637987;2.0998567642197905;44.62;46.62;-0.43;2.90
0.5280000000000002;703.911873779292;3.135968948432406;48.52;47.47;-0.46;2.74
0.5610000000000003;699.4521805110782;3.5035510470167486;44.51;47.28;-0.39;2.60
0.5940000000000003;717.3037758068651;3.44582051511193;60.57;50.42;-0.61;2.48
0.6270000000000003;686.1602513566496;2.663173811596721;32.54;47.48;-0.32;2.37
0.6600000000000004;697.7534025152047;3.7524496555736517;42.98;46.98;-0.25;2.27
0.6930000000000004;704.5356695572187;2.093095220117906;49.08;47.64;-0.27;2.17
0.7260000000000004;707.3950793361245;3.2830870346694945;51.66;48.65;-0.32;2.09
0.7590000000000005;694.3686868956169;3.031318102380765;39.93;47.54;-0.21;2.02
0.7920000000000005;698.7156690811861;3.0531459081756602;43.84;47.20;-0.17;1.95
0.8250000000000005;706.7070915170875;2.850642865710916;51.04;48.03;-0.21;1.89
0.8580000000000005;702.3667709768241;3.3429347797632163;47.13;48.16;-0.20;1.83
0.8910000000000006;700.8522064938146;2.633622984850507;45.77;48.06;-0.17;1.78
0.9240000000000006;701.6929635218925;2.7353540430845786;46.52;48.07;-0.16;1.73
0.9570000000000006;701.885315783733;2.6405647345985024;46.70;48.09;-0.15;1.68
0.9900000000000007;704.5372996974053;3.109898493734992;49.08;48.44;-0.15;1.64
1.0230000000000006;697.3764204188872;2.8013143157039835;42.64;47.88;-0.11;1.61
1.0560000000000005;700.5450797806735;3.098076086059201;45.49;47.74;-0.09;1.57
1.0890000000000004;704.7591533060274;2.7568740022246314;49.28;48.10;-0.10;1.54
1.1220000000000003;701.814658483621;2.049040388895639;46.63;48.07;-0.09;1.51
1.1550000000000002;707.0216582435189;2.8588419806297947;51.32;48.63;-0.11;1.49
1.1880000000000002;701.0222730667009;3.0400598006054977;45.92;48.48;-0.09;1.46
1.221;696.5737541087099;3.102711719416798;41.92;47.86;-0.05;1.44
1.254;707.2921175443606;2.9011731796879467;51.56;48.43;-0.07;1.42
1.287;704.1423153030797;2.530195331816304;48.73;48.61;-0.07;1.40
1.3199999999999998;701.3583079114821;3.1918799691418123;46.22;48.48;-0.06;1.39
1.3529999999999998;698.5764478257412;2.524725462715763;43.72;48.07;-0.03;1.37
1.3859999999999997;697.8140871915361;2.5548033252631868;43.03;47.61;-0.01;1.36
1.4189999999999996;701.6350454800569;2.6876754687217903;46.47;47.56;0.00;1.34
1.4519999999999995;706.5561115578831;2.9129958708228214;50.90;48.01;-0.02;1.33
1.4849999999999994;700.3094391369408;2.4532072685527027;45.28;47.80;0.00;1.32
1.5179999999999993;693.7731794291639;3.013128051943219;39.40;46.97;0.04;1.31
1.5509999999999993;701.5241006026919;3.052266615650376;46.37;46.95;0.04;1.30
1.5839999999999992;710.0254523456612;2.847292103592248;54.02;47.75;0.01;1.30
1.616999999999999;707.408707559325;2.8346345822942873;51.67;48.25;-0.01;1.29
1.649999999999999;694.7952686646713;2.905364705793216;40.32;47.50;0.03;1.28
1.682999999999999;701.6188360893922;2.9875481805126696;46.46;47.44;0.03;1.28
1.7159999999999989;703.142807311599;2.5563951112299246;47.83;47.53;0.03;1.27
1.7489999999999988;703.2667192636736;3.0096845890040553;47.94;47.63;0.03;1.27
1.7819999999999987;704.3886095639729;2.410999143757884;48.95;47.82;0.02;1.26
1.8149999999999986;695.8121601812758;3.8391761446596036;41.23;47.20;0.05;1.26
1.8479999999999985;700.1005071099597;3.7435313955954777;45.09;47.03;0.06;1.26
1.8809999999999985;699.3716359568323;1.702008149223577;44.43;46.76;0.08;1.26
1.9139999999999984;696.3127422899286;3.401227300567489;41.68;46.25;0.10;1.25
1.9469999999999983;695.7985249981772;3.5064257032347683;41.22;45.73;0.12;1.25
1.9799999999999982;705.9424134019174;2.9084834230973313;50.35;46.18;0.10;1.25
2.012999999999998;704.762122741293;3.789751091335827;49.29;46.51;0.09;1.25
2.045999999999998;694.2320502927964;3.1817471477041717;39.81;45.82;0.12;1.25
2.078999999999998;697.6587770142963;1.7595261996423868;42.89;45.48;0.13;1.25
2.111999999999998;707.6818186703761;3.06137010347926;51.91;46.11;0.10;1.24
2.144999999999998;708.2652962247466;2.6141240233758527;52.44;46.75;0.07;1.24
2.1779999999999977;695.9321642765877;2.616945179027946;41.34;46.21;0.10;1.24
2.2109999999999976;697.6437583469801;2.749546952747871;42.88;45.85;0.11;1.24
2.2439999999999976;688.9009894853212;3.326561847890983;35.01;44.72;0.16;1.24
2.2769999999999975;699.5241597128619;2.397437864494624;44.57;44.62;0.16;1.24
2.3099999999999974;696.987747246185;3.8162893040471184;42.29;44.33;0.17;1.24
2.3429999999999973;699.1461305347126;2.9058864210743565;44.23;44.24;0.17;1.24
2.3759999999999972;701.1895477704711;3.158458025281433;46.07;44.36;0.16;1.24
2.408999999999997;689.7158520661742;2.599747460933516;35.74;43.40;0.20;1.24
2.441999999999997;702.1519303357412;2.671641566952155;46.94;43.65;0.18;1.24
2.474999999999997;700.6139264682917;2.905689472955889;45.55;43.76;0.18;1.24
2.507999999999997;703.5164019312739;3.0010311347107437;48.16;44.14;0.16;1.24
2.540999999999997;704.9491481830137;2.9036701195648824;49.45;44.63;0.13;1.24
2.5739999999999967;700.8797816629611;3.807239111801841;45.79;44.73;0.13;1.24
2.6069999999999967;694.0219699563299;2.9563477728280465;39.62;44.18;0.15;1.24
2.6399999999999966;695.570939185562;2.468211259017189;41.01;43.80;0.16;1.24
2.6729999999999965;699.6671026195145;3.231650941519691;44.70;43.83;0.16;1.24
2.7059999999999964;701.6359281751111;2.3759348690865303;46.47;44.03;0.15;1.24
2.7389999999999963;702.7682828753137;3.1917657197210976;47.49;44.35;0.13;1.24
2.7719999999999962;715.3776006155892;2.9596047045797595;58.84;45.81;0.07;1.24
2.804999999999996;701.254825323368;2.486673094495179;46.13;45.87;0.06;1.24
2.837999999999996;692.3745859604225;2.9639401191398935;38.14;45.11;0.10;1.24
2.870999999999996;695.7586344753208;2.7295999443187196;41.18;44.70;0.12;1.24
2.903999999999996;700.6400471606844;3.3324684118582386;45.58;44.77;0.11;1.24
2.936999999999996;693.7929609313022;3.938362485412762;39.41;44.22;0.14;1.24
2.9699999999999958;706.8069548383703;2.8568474473644274;51.13;44.89;0.11;1.24
3.0029999999999957;709.4056350734548;3.5356345521760972;53.47;45.78;0.07;1.24
3.0359999999999956;704.4580730396813;3.008610477138473;49.01;46.15;0.05;1.24
3.0689999999999955;696.7859147238689;3.1749503854031462;42.11;45.78;0.07;1.24
3.1019999999999954;704.6251207631939;2.5277201102728593;49.16;46.15;0.06;1.24
3.1349999999999953;704.3174773523903;2.8084839041549876;48.89;46.47;0.04;1.24
3.1679999999999953;697.4588125015777;2.9804141885852884;42.71;46.14;0.06;1.24
3.200999999999995;707.9429821657618;2.4020621146254824;52.15;46.78;0.03;1.24
3.233999999999995;708.4511086753873;2.5924680998902114;52.61;47.44;0.01;1.24
3.266999999999995;698.3459282026727;1.8373989656887206;43.51;47.10;0.02;1.24
3.299999999999995;690.5937207190794;3.0106115261692112;36.53;46.07;0.07;1.24
3.332999999999995;706.6794248715732;2.5315717225875143;51.01;46.59;0.05;1.24
3.3659999999999948;691.5683301730431;2.7380004954111046;37.41;45.67;0.09;1.24
3.3989999999999947;704.5566065228676;3.071177209861057;49.10;46.02;0.08;1.24
3.4319999999999946;698.0089155470382;3.758100832467972;43.21;45.76;0.09;1.24
3.4649999999999945;709.0244625720866;2.2563656421149174;53.12;46.51;0.06;1.24
3.4979999999999944;712.1117768658521;2.920803383709642;55.90;47.51;0.01;1.24
3.5309999999999944;702.0120739252529;2.7335108150340592;46.81;47.52;0.02;1.24
3.5639999999999943;700.8342125889883;3.314875398551531;45.75;47.41;0.03;1.24
3.596999999999994;705.5227048262595;4.151735596551445;49.97;47.76;0.02;1.24
3.629999999999994;710.2708835233816;2.149765103672092;54.24;48.50;-0.01;1.24
3.662999999999994;696.134028574939;3.2958525063979787;41.52;47.89;0.02;1.24
3.695999999999994;703.8569833114199;3.473575372047786;48.47;48.03;0.02;1.24
3.728999999999994;697.8643750709192;2.917784093490722;43.08;47.59;0.04;1.24
3.761999999999994;711.1995044129169;3.6112647835024685;55.08;48.43;0.01;1.24
3.7949999999999937;686.9988452572569;4.092827712648466;33.30;46.97;0.07;1.24
3.8279999999999936;698.1138504138869;2.6185724261328254;43.30;46.61;0.09;1.24
3.8609999999999935;707.5056772987986;2.8426243290383293;51.76;47.14;0.07;1.24
3.8939999999999935;697.496190301324;3.527803108173479;42.75;46.72;0.09;1.24
3.9269999999999934;698.5589603789363;3.6322374166180067;43.70;46.42;0.10;1.24
3.9599999999999933;693.9396826938447;3.6909189234048427;39.55;45.72;0.13;1.24
3.992999999999993;714.0281619951023;3.000137768618115;57.63;46.91;0.08;1.24
4.025999999999994;704.3834839771336;2.9464884504255204;48.95;47.14;0.07;1.24
4.058999999999994;698.6462101441759;2.9130628063592767;43.78;46.82;0.08;1.24
4.091999999999994;692.6090243074898;2.9162529242514186;38.35;45.96;0.12;1.24
4.124999999999995;698.5899586810881;2.069624000547164;43.73;45.68;0.13;1.24
4.157999999999995;702.356779111214;2.2916933649001634;47.12;45.78;0.13;1.24
4.190999999999995;696.2872212450203;2.707751760446357;41.66;45.31;0.14;1.24
4.223999999999996;697.9920258409006;2.0974851909096293;43.19;45.03;0.15;1.24
4.256999999999996;688.6765623913002;2.512912366553457;34.81;43.90;0.20;1.24
4.2899999999999965;708.6572505009977;2.665307288051026;52.79;44.71;0.16;1.24
4.322999999999997;692.9653006003347;3.098607480319139;38.67;44.02;0.19;1.24
4.355999999999997;704.0704401478276;3.3045752376841024;48.66;44.41;0.16;1.24
4.388999999999998;703.3303259773573;3.3929330005605087;48.00;44.72;0.15;1.24
4.421999999999998;708.7904441306392;1.8888903937409844;52.91;45.50;0.11;1.24
4.454999999999998;704.3416213758385;3.727841884843753;48.91;45.85;0.10;1.24
4.487999999999999;697.6233927727926;4.01250482169272;42.86;45.57;0.11;1.24
4.520999999999999;704.4795582771787;3.2762672460304225;49.03;45.92;0.09;1.24
4.553999999999999;693.3014853666843;2.1165988055564773;38.97;45.20;0.12;1.24
4.587;702.4614648763904;2.17840444900461;47.22;45.36;0.11;1.24
4.62;688.8274325200656;2.685129163359845;34.94;44.26;0.16;1.24
4.6530000000000005;689.0594528751343;2.7041672097932254;35.15;43.25;0.20;1.24
4.686000000000001;697.8440020200618;2.736653332861487;43.06;43.11;0.20;1.24
4.719000000000001;695.5525872623962;2.996357625446405;41.00;42.79;0.21;1.24
4.752000000000002;701.4349361646084;2.799712281350414;46.29;43.03;0.20;1.24
4.785000000000002;692.540133327898;2.778878053363928;38.29;42.44;0.22;1.24
4.818000000000002;695.2168913498053;2.9379806840251734;40.70;42.14;0.22;1.24
4.851000000000003;692.049602437676;3.285656196058595;37.84;41.57;0.24;1.24
4.884000000000003;702.6644210285394;3.059708399646137;47.40;42.03;0.22;1.24
4.917000000000003;702.108505624508;2.360701212139696;46.90;42.41;0.19;1.24
4.950000000000004;696.2050374037154;3.3570388432071545;41.58;42.24;0.20;1.24
4.983000000000004;702.5577404919627;2.910684896325505;47.30;42.67;0.17;1.24
5.0160000000000045;698.7781607749788;3.4394199258323237;43.90;42.73;0.17;1.24
5.049000000000005;696.7652322946788;3.742262480305835;42.09;42.62;0.17;1.24
5.082000000000005;704.1553754379381;3.2290771332755774;48.74;43.19;0.14;1.24
5.1150000000000055;698.6371605214574;4.154474711966834;43.77;43.23;0.14;1.24
5.148000000000006;695.6410304296891;3.254137595734662;41.08;42.98;0.15;1.24
5.181000000000006;698.2552556213637;3.1277445506157675;43.43;42.99;0.15;1.24
5.214000000000007;695.8121714697662;2.00041431554891;41.23;42.75;0.15;1.24
5.247000000000007;695.2516932998965;2.8922835823114696;40.73;42.48;0.16;1.24
5.280000000000007;701.2117933744585;3.321169803523141;46.09;42.80;0.15;1.24
5.313000000000008;708.8876783998123;2.5445578376702502;53.00;43.80;0.10;1.24
5.346000000000008;713.0242987556092;1.955714374150857;56.72;45.12;0.04;1.24
5.379000000000008;692.8455983515564;3.6874357116201;38.56;44.51;0.07;1.24
5.412000000000009;689.7811040810897;2.727106892158738;35.80;43.63;0.11;1.24
5.445000000000009;701.100823601317;3.6815586213557943;45.99;43.87;0.10;1.24
5.4780000000000095;692.7023589476784;3.451886023191322;38.43;43.32;0.13;1.24
5.51100000000001;703.9423396809555;2.7011527672268945;48.55;43.82;0.10;1.24
5.54400000000001;701.1928721672895;2.9444605002791238;46.07;44.05;0.09;1.24
5.577000000000011;696.201372935943;3.6237927286699207;41.58;43.81;0.10;1.24
5.610000000000011;692.4231135178454;3.108840227285754;38.18;43.23;0.13;1.24
5.643000000000011;694.6123376138064;2.437599491681165;40.15;42.87;0.14;1.24
5.676000000000012;700.4650058775231;2.9727356977654176;45.42;43.09;0.13;1.24
5.709000000000012;701.5872634049992;2.847353963866905;46.43;43.40;0.11;1.24
5.742000000000012;689.4067775434681;2.1441102079621377;35.47;42.55;0.15;1.24
5.775000000000013;688.7023399147951;1.897672436280981;34.83;41.68;0.18;1.24
5.808000000000013;708.5182984995146;2.5843780688899036;52.67;42.71;0.13;1.24
5.8410000000000135;700.7697980050514;2.864344283694873;45.69;42.98;0.12;1.24
5.874000000000014;706.6520384717846;3.090537639111185;50.99;43.78;0.08;1.24
5.907000000000014;702.5754774681266;3.4750959979144826;47.32;44.17;0.07;1.24
5.940000000000015;695.358767098243;2.6880477383813566;40.82;43.85;0.08;1.24
5.973000000000015;708.2186617647152;2.98406466265241;52.40;44.74;0.05;1.24
6.006000000000015;703.1077351340379;3.4825937827705666;47.80;45.12;0.03;1.24
6.039000000000016;690.6209184020671;2.5684182797654724;36.56;44.29;0.07;1.24
6.072000000000016;699.3760828941706;2.806561400702708;44.44;44.33;0.07;1.24
6.105000000000016;700.7545656679741;3.480451129953802;45.68;44.50;0.06;1.24
6.138000000000017;694.9396889051292;2.399934237182715;40.45;44.10;0.08;1.24
6.171000000000017;697.3735526765172;3.2281399743210124;42.64;43.96;0.09;1.24
6.2040000000000175;687.0211721204834;3.4609754421482517;33.32;42.88;0.14;1.24
6.237000000000018;700.9593225061298;2.8700599611000546;45.86;43.14;0.12;1.24
6.270000000000018;690.7988685334045;3.421037273274486;36.72;42.45;0.15;1.24
6.303000000000019;700.418379234972;3.5841099064775905;45.38;42.71;0.14;1.24
6.336000000000019;703.8015973712005;3.0562428712493075;48.42;43.26;0.11;1.24
6.369000000000019;692.8183300327197;3.1607590795508957;38.54;42.76;0.13;1.24
6.40200000000002;702.5167257523173;3.2174878590513862;47.27;43.19;0.11;1.24
6.43500000000002;696.4760696616723;3.242164262904838;41.83;43.04;0.12;1.24
6.46800000000002;699.7259172724065;3.666149068672282;44.75;43.21;0.11;1.24
6.501000000000021;710.7755148959478;2.1999888616818377;54.70;44.37;0.06;1.24
6.534000000000021;693.4883969290631;3.3682465080012687;39.14;43.88;0.08;1.24
6.5670000000000215;693.0563702025603;2.6476953405440677;38.75;43.36;0.11;1.24
6.600000000000022;697.5160612892705;3.27795493849873;42.76;43.29;0.11;1.24
6.633000000000022;701.3322449140029;2.9453498857946117;46.20;43.58;0.10;1.24
6.666000000000023;703.7284632420706;2.8337783622650647;48.36;44.07;0.08;1.24
6.699000000000023;699.8530931666749;3.392075018398957;44.87;44.18;0.07;1.24
6.732000000000023;701.4402461943796;2.9601272918021446;46.30;44.42;0.06;1.24
6.765000000000024;699.2003133499774;2.5370967729190324;44.28;44.43;0.06;1.24
6.798000000000024;697.757284598919;2.749077688070222;42.98;44.31;0.07;1.24
6.831000000000024;704.2056430110282;2.7262147071996563;48.79;44.79;0.05;1.24
6.864000000000025;696.9465774720312;2.8849126792109447;42.25;44.57;0.06;1.24
6.897000000000025;692.2957719812462;2.2855849530214933;38.07;43.92;0.09;1.24
6.9300000000000255;708.1379395602892;3.3787579273806285;52.32;44.80;0.05;1.24
6.963000000000026;700.8257245177568;3.5046949704713746;45.74;44.94;0.05;1.24
6.996000000000026;690.5697222769659;3.9701129917158253;36.51;44.13;0.09;1.24
7.029000000000027;691.1913494403389;3.0199693054982584;37.07;43.41;0.12;1.24
7.062000000000027;702.4988395426875;2.386828392172212;47.25;43.78;0.10;1.24
7.095000000000027;705.1904443520709;2.8714472647624287;49.67;44.37;0.07;1.24
7.128000000000028;703.6399473011719;2.89683234940688;48.28;44.80;0.06;1.24
7.161000000000028;696.8050148495937;3.19281045999021;42.12;44.56;0.07;1.24
7.194000000000028;706.491313227243;3.2867011329892586;50.84;45.24;0.04;1.24
7.227000000000029;695.559773067768;2.591205358729159;41.00;44.85;0.06;1.24
7.260000000000029;702.7136069101869;3.9493497595519234;47.44;45.17;0.05;1.24
7.2930000000000295;696.4194869314532;2.7466325188902765;41.78;44.86;0.06;1.24
7.32600000000003;697.7470019313158;3.080228122794728;42.97;44.70;0.07;1.24
7.35900000000003;704.7738456573342;2.831001890033663;49.30;45.19;0.05;1.24
7.3920000000000305;697.8132765206535;2.9761991023946526;43.03;45.01;0.06;1.24
7.425000000000031;704.1826887255108;2.719021649829011;48.76;45.42;0.05;1.24
7.458000000000031;704.4531152155313;1.7236325819995726;49.01;45.82;0.03;1.24
7.491000000000032;697.6273354230287;3.511094211488298;42.86;45.58;0.04;1.24
7.524000000000032;697.3655572766681;3.184353680162974;42.63;45.33;0.06;1.24
7.557000000000032;688.0548179704815;3.1138588337881434;34.25;44.22;0.11;1.24
7.590000000000033;703.2727320265006;2.8895389274665484;47.95;44.59;0.09;1.24
7.623000000000033;700.9507857752374;3.453882337084426;45.86;44.73;0.08;1.24
7.6560000000000334;705.2186975512844;2.7885582987244817;49.70;45.25;0.06;1.24
7.689000000000034;701.8792616816364;2.102291034726248;46.69;45.41;0.06;1.24
7.722000000000034;701.2371582987126;2.7765523049499583;46.11;45.52;0.05;1.24
7.7550000000000345;703.4435481603746;1.9904876340398527;48.10;45.81;0.04;1.24
7.788000000000035;703.4497295374912;3.3673166533067262;48.10;46.10;0.03;1.24
7.821000000000035;708.9630571997044;3.0327857546108876;53.07;46.88;0.00;1.24
7.854000000000036;698.615440458143;2.5266845855359277;43.75;46.64;0.01;1.24
7.887000000000036;700.2491405500576;3.6726325072081916;45.22;46.58;0.02;1.24
7.920000000000036;703.9856440400928;2.695423493880793;48.59;46.85;0.01;1.24
7.953000000000037;702.0160496427833;2.749628910354485;46.81;46.92;0.01;1.24
7.986000000000037;695.6347299576563;2.981103328793667;41.07;46.40;0.04;1.24
8.019000000000037;706.9689529498318;2.7240249865768007;51.27;46.94;0.02;1.24
8.052000000000037;702.9079259735051;3.17876003867936;47.62;47.09;0.02;1.24
8.085000000000036;690.2526052361388;3.044812255115668;36.23;46.04;0.06;1.24
8.118000000000036;701.7091863920645;2.245631044903425;46.54;46.10;0.06;1.24
8.151000000000035;692.8278755173856;2.5963519037494316;38.55;45.34;0.10;1.24
8.184000000000035;697.9075965340762;2.522718615864821;43.12;45.09;0.11;1.24
8.217000000000034;698.4694801570969;3.258639073310348;43.62;44.93;0.11;1.24
8.250000000000034;705.4505537661596;3.3687114747391247;49.91;45.42;0.09;1.24
8.283000000000033;699.7964254859372;3.0217809820175936;44.82;45.36;0.09;1.24
8.316000000000033;696.712673889059;3.357060000062884;42.04;45.03;0.11;1.24
8.349000000000032;708.9670742907551;2.887922416264437;53.07;45.84;0.07;1.24
8.382000000000032;690.650413647023;4.293910881102917;36.59;44.93;0.11;1.24
8.415000000000031;702.6194770823959;2.851478556617571;47.36;45.16;0.10;1.24
8.44800000000003;704.1895795347746;2.4602214888665435;48.77;45.52;0.09;1.24
8.48100000000003;687.1153262757294;3.069205733104967;33.40;44.28;0.14;1.24
8.51400000000003;693.6199262112841;2.539003978039563;39.26;43.70;0.16;1.24
8.547000000000029;702.4926010579744;3.398787353878956;47.24;44.01;0.15;1.24
8.580000000000028;698.5868682195095;2.938472678657878;43.73;43.92;0.15;1.24
8.613000000000028;705.4264360969701;2.749678786689278;49.88;44.48;0.12;1.24
8.646000000000027;702.3592080020843;4.042072095365918;47.12;44.75;0.11;1.24
8.679000000000027;696.4735020788253;3.1736696613318087;41.83;44.44;0.12;1.24
8.712000000000026;699.0886050470378;2.058068962930771;44.18;44.38;0.12;1.24
8.745000000000026;697.914347054936;3.81829702036496;43.12;44.23;0.13;1.24
8.778000000000025;699.3223121299146;3.537065156336072;44.39;44.23;0.13;1.24
8.811000000000025;693.9898374680529;3.2171146019244574;39.59;43.72;0.15;1.24
8.844000000000024;701.7097188439047;2.8284631811410477;46.54;43.96;0.14;1.24
8.877000000000024;691.5303626736577;2.4388018902751565;37.38;43.24;0.17;1.24
8.910000000000023;700.5933595293196;3.3032767937291996;45.53;43.41;0.16;1.24
8.943000000000023;699.2552465630437;3.7612805711948383;44.33;43.46;0.15;1.24
8.976000000000022;697.3435296198711;2.6946477002279563;42.61;43.32;0.15;1.24
9.009000000000022;702.1498103234017;2.7361107255492594;46.93;43.63;0.14;1.24
9.042000000000021;708.123046866403;3.1512547181825523;52.31;44.49;0.10;1.24
9.07500000000002;699.081435503522;3.680292478980014;44.17;44.47;0.10;1.24
9.10800000000002;710.2791827600557;1.7714977104366436;54.25;45.46;0.06;1.24
9.14100000000002;699.276105621924;3.0192502599923086;44.35;45.39;0.06;1.24
9.174000000000019;701.5152764967689;2.6534214691208606;46.36;45.52;0.06;1.24
9.207000000000019;692.9506689934698;2.9107244954428686;38.66;44.85;0.09;1.24
9.240000000000018;710.4098473813959;2.4004094648185728;54.37;45.83;0.05;1.24
9.273000000000017;701.4709694629018;3.3977924213844926;46.32;45.94;0.04;1.24
9.306000000000017;692.8234883401653;3.047001894634926;38.54;45.23;0.08;1.24
9.339000000000016;694.7741502837031;2.6608017971338356;40.30;44.73;0.10;1.24
9.372000000000016;702.4281991687807;2.68453365738647;47.19;44.97;0.09;1.24
9.405000000000015;706.256472520082;3.4183648551901427;50.63;45.57;0.06;1.24
9.438000000000015;698.6388121614307;3.4901219900817217;43.77;45.42;0.07;1.24
9.471000000000014;713.227013344856;2.8511411009078;56.90;46.63;0.02;1.24
9.504000000000014;696.1747799797115;3.2588464878409718;41.56;46.19;0.04;1.24
9.537000000000013;705.8666184959153;3.246603338953028;50.28;46.67;0.02;1.24
9.570000000000013;710.7322311578791;2.555874339829036;54.66;47.56;-0.01;1.24
9.603000000000012;695.4168664983087;2.8828338982542263;40.88;46.97;0.02;1.24
9.636000000000012;707.4384276664902;3.6092495927660226;51.69;47.54;0.00;1.24
9.669000000000011;704.6188211878219;2.922460495531827;49.16;47.80;-0.01;1.24
9.70200000000001;700.4506680913802;3.678632162411683;45.41;47.67;0.00;1.24
9.73500000000001;697.3244954565984;2.8686319091459884;42.59;47.23;0.03;1.24
9.76800000000001;704.2612350648601;3.14912251286311;48.84;47.47;0.02;1.24
9.801000000000009;702.0075348090885;2.7132082838570284;46.81;47.47;0.02;1.24
9.834000000000009;697.1334707306032;3.5638103360532862;42.42;47.02;0.05;1.24
9.867000000000008;700.958854049433;2.164829181849477;45.86;46.93;0.05;1.24
9.900000000000007;699.651253141699;3.694118354124651;44.69;46.75;0.06;1.24
9.933000000000007;708.1802498167792;2.7196850238384074;52.36;47.36;0.04;1.24
9.966000000000006;693.2977824669223;3.3548761657589843;38.97;46.55;0.07;1.24
9.999000000000006;693.4982552258509;4.246277663535565;39.15;45.83;0.11;1.24
10.032000000000005;694.9468867264621;2.740969245482081;40.45;45.25;0.13;1.24
10.065000000000005;710.867715419752;102.52571304856697;54.78;47.88;0.13;1.24
10.098000000000004;704.6681778534105;99.90134208689003;49.20;49.90;0.16;1.24
10.131000000000004;709.9629548263415;99.50555316731642;53.97;52.37;0.17;1.24
10.164000000000003;716.7733678268671;97.74791814340672;60.10;55.34;0.16;1.24
10.197000000000003;714.8847530350888;95.28008599777415;58.40;57.91;0.17;1.24
10.230000000000002;718.5512977044551;91.41847299851838;61.70;60.58;0.17;1.24
10.263000000000002;719.722237999946;86.40505197714359;62.75;63.05;0.18;1.24
10.296000000000001;727.6481135466582;81.51694211561227;69.88;65.95;0.16;1.24
10.329;736.6574375907198;75.72740068554918;77.99;69.32;0.12;1.24
10.362;735.5390001920239;71.54332235216067;76.99;72.20;0.09;1.24
10.395;742.5266113067477;64.74564603340764;83.27;75.33;0.05;1.24
10.427999999999999;735.5390598066472;57.41987346985868;76.99;77.38;0.04;1.24
10.460999999999999;746.2192851970536;49.9347276056049;86.60;80.03;0.00;1.24
10.493999999999998;734.581859133986;42.713017691602374;76.12;81.19;0.02;1.24
10.526999999999997;735.0689219036717;34.751914015865;76.56;82.06;0.04;1.24
10.559999999999997;739.3685444231462;27.06970079812029;80.43;83.02;0.04;1.24
10.592999999999996;742.9910457708332;20.13835142334262;83.69;84.01;0.03;1.24
10.625999999999996;740.2228091516135;11.47009249979712;81.20;84.42;0.04;1.24
10.658999999999995;742.6238909318427;2.0198803174272006;83.36;84.77;0.03;1.24
10.691999999999995;752.1427062704058;-5.120549897609909;91.93;85.75;-0.01;1.24
10.724999999999994;751.2474197558739;-13.052260618911886;91.12;86.36;-0.04;1.24
10.757999999999994;744.6316203116771;-22.213574647488784;85.17;86.09;-0.05;1.24
10.790999999999993;730.1158485652987;-29.287409040926228;72.10;84.27;0.00;1.24
10.823999999999993;743.6459578114233;-37.52002375571873;84.28;83.62;-0.02;1.24
10.856999999999992;741.2911524163889;-45.0319469583003;82.16;82.60;-0.03;1.24
10.889999999999992;728.8351781433879;-52.38226980838983;70.95;80.32;0.01;1.24
10.922999999999991;730.4531800444892;-58.36574031385661;72.41;78.19;0.02;1.24
10.95599999999999;725.722398339432;-64.96129618337085;68.15;75.62;0.05;1.24
10.98899999999999;714.0877592855077;-70.53964937884385;57.68;72.02;0.11;1.24
11.02199999999999;723.7239038915355;-75.94944489902505;66.35;69.45;0.12;1.24
11.054999999999989;721.4247051087101;-80.93752026368044;64.28;66.76;0.12;1.24
11.087999999999989;711.6993553918752;-85.34872298870124;55.53;63.29;0.15;1.24
11.120999999999988;717.7697114991214;-88.37968643351563;60.99;60.58;0.14;1.24
11.153999999999987;706.7320578195342;-92.41226688422063;51.06;57.01;0.16;1.24
11.186999999999987;699.9435387227142;-94.78618496501231;44.95;53.06;0.20;1.24
11.219999999999986;702.7459908312715;-95.55743710343567;47.47;49.67;0.20;1.24
11.252999999999986;696.169749617819;-95.9867268133026;41.55;45.96;0.22;1.24
11.285999999999985;694.3924186998541;-96.51496315778516;39.95;42.41;0.23;1.24
11.318999999999985;688.3307739240593;-96.02608310194745;34.50;38.63;0.25;1.24
11.351999999999984;685.355769151564;-95.5077702644644;31.82;34.94;0.26;1.24
11.384999999999984;681.8988909920399;-93.44927914489381;28.71;31.31;0.27;1.24
11.417999999999983;675.232907483305;-92.50162546799618;22.71;27.44;0.30;1.24
11.450999999999983;676.045943439535;-87.64139087350831;23.44;24.09;0.30;1.24
11.483999999999982;667.1459604348995;-84.74848416310584;15.43;20.33;0.33;1.24
11.516999999999982;674.8819266402751;-80.38559157598682;22.39;17.73;0.31;1.24
11.549999999999981;675.3178526132592;-74.91524388843881;22.79;15.59;0.28;1.24
11.58299999999998;669.5893492427481;-70.25887667474079;17.63;13.28;0.26;1.24
11.61599999999998;659.6962345855159;-63.711444945869644;8.73;10.46;0.27;1.24
11.64899999999998;659.8401700400977;-57.029588611999934;8.86;8.09;0.28;1.24
11.681999999999979;662.0680585881262;-51.21048403339626;10.86;6.32;0.26;1.24
11.714999999999979;656.9254580411733;-44.329471194334126;6.23;4.46;0.26;1.24
11.747999999999978;657.5994418341837;-36.3603057158345;6.84;3.05;0.25;1.24
11.780999999999977;663.4137105585659;-27.788716874240958;12.07;2.55;0.21;1.24
11.813999999999977;651.7442376325296;-20.632755961371437;1.57;1.26;0.22;1.24
11.846999999999976;651.0176250389245;-12.521064809518315;0.92;0.25;0.23;1.24
11.879999999999976;657.7462736928253;-3.6266991470057466;6.97;0.20;0.21;1.24
11.912999999999975;650.757184052102;4.720793812544773;0.68;-0.24;0.22;1.24
11.945999999999975;652.3844771396824;12.541254881849566;2.15;-0.26;0.22;1.24
11.978999999999974;659.2565855327958;20.916295476163143;8.33;0.60;0.19;1.24
12.011999999999974;655.4728408719719;29.364827189762977;4.93;1.28;0.18;1.24
12.044999999999973;664.897549355962;36.06676077521399;13.41;2.99;0.14;1.24
12.077999999999973;647.4958835806465;45.38089724677486;-2.25;3.21;0.18;1.24
12.110999999999972;652.709852214216;53.23636758368095;2.44;4.07;0.20;1.24
12.143999999999972;660.9393923077376;58.517578519192135;9.85;5.78;0.19;1.24
12.176999999999971;667.4385609366656;66.4621265998318;15.69;8.16;0.17;1.24
12.20999999999997;666.2546136862197;71.53606531773237;14.63;10.39;0.16;1.24
12.24299999999997;671.320503383222;78.35206521948486;19.19;13.07;0.14;1.24
12.27599999999997;663.6538305624782;83.68575223536361;12.29;14.96;0.16;1.24
12.308999999999969;681.1362046232337;87.8890760788031;28.02;18.41;0.12;1.24
12.341999999999969;678.6472450129676;91.29806499679336;25.78;21.45;0.11;1.24
12.374999999999968;689.6093458004676;95.98469840775948;35.65;25.35;0.07;1.24
12.407999999999967;700.8837321877093;97.96212143883311;45.80;30.04;-0.01;1.24
12.440999999999967;693.9391715177309;99.75339070930929;39.55;33.77;-0.03;1.24
12.473999999999966;691.1339900087871;101.47048425422165;37.02;36.95;-0.02;1.24
12.506999999999966;691.955526704539;102.46872693451016;37.76;39.92;-0.01;1.24
12.539999999999965;701.3123986389442;102.81394936516277;46.18;43.49;-0.02;1.24
12.572999999999965;711.0534234522656;101.34680129605218;54.95;47.61;-0.05;1.24
12.605999999999964;703.0402975435752;101.79316045232392;47.74;50.62;-0.04;1.24
12.638999999999964;716.9700026186431;98.99735553816964;60.27;54.56;-0.06;1.24
12.671999999999963;709.16396618472;97.65824348926368;53.25;57.38;-0.04;1.24
12.704999999999963;721.727441738265;93.74549650532289;64.55;60.99;-0.06;1.24
12.737999999999962;726.9872975828717;89.29602170813449;69.29;64.65;-0.09;1.24
12.770999999999962;729.3842344736468;84.8606654601869;71.45;68.08;-0.11;1.24
12.803999999999961;730.8051895091652;80.91850131590557;72.72;71.21;-0.12;1.24
12.83699999999996;737.9591845492067;74.21040549570614;79.16;74.55;-0.15;1.24
12.86999999999996;734.9846099972624;69.06538963352618;76.49;77.17;-0.15;1.24
12.90299999999996;738.991852154109;62.769888129865734;80.09;79.73;-0.16;1.24
12.935999999999959;742.9505500230155;55.63155638340655;83.66;82.23;-0.18;1.24
12.968999999999959;730.8640506919315;49.22495720223737;72.78;83.19;-0.13;1.24
13.001999999999958;739.4034371306349;41.69602695677424;80.46;84.60;-0.12;1.24
13.034999999999958;738.9668136219004;32.26083335407867;80.07;85.58;-0.10;1.24
13.067999999999957;741.8508428109345;25.416169819520835;82.67;86.51;-0.10;1.24
13.100999999999956;738.0639070323043;16.872134644646497;79.26;86.76;-0.07;1.24
13.133999999999956;745.5504172215248;9.80991181035214;86.00;87.43;-0.07;1.24
13.166999999999955;738.3193999130342;0.22596455553699502;79.49;87.12;-0.05;1.24
13.199999999999955;745.3469728376275;-7.319718345522299;85.81;87.25;-0.05;1.24
13.232999999999954;730.8751968188305;-16.389008199063444;72.79;85.77;0.00;1.24
13.265999999999954;746.1254162123541;-23.695615857939966;86.51;85.59;-0.02;1.24
13.298999999999953;740.2116490759748;-31.92152969212157;81.19;84.65;-0.01;1.24
13.331999999999953;739.280109537865;-38.69067623399055;80.35;83.51;-0.01;1.24
13.364999999999952;739.7041900842376;-46.4347679459772;80.73;82.30;-0.01;1.24
13.397999999999952;738.0966874405649;-54.224176279899616;79.29;80.83;-0.01;1.24
13.430999999999951;735.3666087549965;-59.64032187281634;76.83;79.08;-0.01;1.24
13.46399999999995;737.4665380572267;-66.77288961705295;78.72;77.50;-0.03;1.24
13.49699999999995;714.214141028921;-71.27939201531795;57.79;73.76;0.04;1.24
13.52999999999995;730.1036521770075;-77.99867062001141;72.09;71.62;0.03;1.24
13.562999999999949;714.6918783923034;-82.38566102417326;58.22;68.13;0.07;1.24
13.595999999999949;707.5034797096721;-87.24114367420717;51.75;64.13;0.12;1.24
13.628999999999948;710.6948139696198;-89.10632295775872;54.63;60.67;0.14;1.24
13.661999999999948;710.8085484814954;-91.62924236792365;54.73;57.46;0.15;1.24
13.694999999999947;704.8406119237792;-95.05929170368847;49.36;53.91;0.16;1.24
13.727999999999946;703.2456294737611;-96.31842813222228;47.92;50.48;0.17;1.24
13.760999999999946;701.5042979316659;-96.91798537338279;46.35;47.19;0.17;1.24
13.793999999999945;699.9095335407893;-96.90957833643672;44.92;44.05;0.16;1.24
13.826999999999945;686.343295759689;-95.37355392422498;32.71;39.99;0.20;1.24
13.859999999999944;691.0124705833961;-95.33117125255039;36.91;36.72;0.20;1.24
13.892999999999944;679.9417421697735;-92.81561411723426;26.95;32.80;0.22;1.24
13.925999999999943;682.640598522442;-90.28440335789176;29.38;29.54;0.23;1.24
13.958999999999943;687.1880242668469;-87.60032001628238;33.47;27.09;0.20;1.24
13.991999999999942;679.1618648425886;-83.61889157339307;26.25;24.26;0.19;1.24
14.024999999999942;671.6418445387657;-78.98472495068312;19.48;21.13;0.20;1.24
14.057999999999941;674.5133754173418;-74.15562980394995;22.06;18.68;0.19;1.24
14.09099999999994;664.1913073357451;-68.08839472532446;12.77;15.68;0.21;1.24
14.12399999999994;672.002939673177;-62.87027789365843;19.80;13.83;0.18;1.24
14.15699999999994;660.6219217945027;-55.90559865278365;9.56;11.30;0.20;1.24
14.189999999999939;652.4116172525452;-48.932705928778745;2.17;8.43;0.24;1.24
14.222999999999939;671.1332924310302;-41.96045974741506;19.02;7.74;0.19;1.24
14.255999999999938;644.1095652757007;-34.530291902952115;-5.30;4.85;0.25;1.24
14.288999999999938;654.8164215886466;-26.64328428609196;4.33;3.40;0.26;1.24
14.321999999999937;663.8610816109643;-18.079965809348426;12.47;3.17;0.22;1.24
14.354999999999936;653.1274204340795;-9.518117686871275;2.81;2.23;0.23;1.24
14.387999999999936;656.3565873122313;-2.0124033639790166;5.72;1.89;0.22;1.24
14.420999999999935;653.7536416304828;6.289064893478605;3.38;1.59;0.22;1.24
14.453999999999935;657.94445291027;15.049539780678286;7.15;1.96;0.21;1.24
14.486999999999934;657.4730602241614;22.818973693070493;6.73;2.48;0.20;1.24
14.519999999999934;664.8256944479803;30.56094204686444;13.34;3.87;0.17;1.24
14.552999999999933;654.8898081547007;38.536084938858586;4.40;4.47;0.18;1.24
14.585999999999933;656.8108711661289;45.95292521815403;6.13;5.39;0.19;1.24
14.618999999999932;659.8844556699227;53.200188100146526;8.90;6.71;0.19;1.24
14.651999999999932;656.3492668907119;60.32109480949618;5.71;7.79;0.21;1.24
14.684999999999931;666.2049362974262;66.00975975836393;14.58;9.84;0.20;1.24
14.71799999999993;674.8927097183353;72.64585451460316;22.40;12.70;0.16;1.24
14.75099999999993;682.568277945016;79.01502286474067;29.31;16.21;0.10;1.24
14.78399999999993;684.5518856281747;84.04934778000823;31.10;19.77;0.06;1.24
14.81699999999993;677.4326619647228;89.39128559350821;24.69;22.52;0.06;1.24
14.849999999999929;679.5000376087644;92.52961531697314;26.55;25.32;0.06;1.24
14.882999999999928;687.6603347209651;96.06141439394523;33.89;28.70;0.04;1.24
14.915999999999928;680.9584872421029;99.01447138967252;27.86;31.25;0.06;1.24
14.948999999999927;691.8670422690734;99.38315173425002;37.68;34.58;0.05;1.24
14.981999999999926;701.3366594464087;102.87125504895229;46.20;38.57;0.02;1.24
15.014999999999926;696.9152988788107;103.30503478646175;42.22;41.82;0.02;1.24
15.047999999999925;706.167691028104;102.05759197933135;50.55;45.61;0.00;1.24
15.080999999999925;705.5627109641715;102.36605893103797;50.01;49.00;0.00;1.24
15.113999999999924;708.2151560610553;100.81649290933548;52.39;52.28;0.00;1.24
15.146999999999924;718.3414848302765;99.2220000485188;61.51;56.15;-0.03;1.24
15.179999999999923;717.7473527178666;96.20729237764158;60.97;59.55;-0.03;1.24
15.212999999999923;730.5195018682097;93.47202576447093;72.47;63.73;-0.08;1.24
15.245999999999922;723.5504305671403;88.59538102634458;66.20;66.79;-0.08;1.24
15.278999999999922;727.5699100707106;85.08422051389094;69.81;69.83;-0.08;1.24
15.311999999999921;730.6641672024961;79.04787145634305;72.60;72.71;-0.09;1.24
15.34499999999992;734.1369806685046;73.21316411156225;75.72;75.48;-0.09;1.24
15.37799999999992;733.6790873735929;67.35724770735627;75.31;77.78;-0.09;1.24
15.41099999999992;739.4219582301915;61.099922943299156;80.48;80.22;-0.10;1.24
15.44399999999992;735.8411039677773;54.715871019035106;77.26;81.91;-0.08;1.24
15.476999999999919;733.9656638923414;47.253943692844636;75.57;83.05;-0.05;1.24
15.509999999999918;740.8503080819933;39.64459742962254;81.77;84.48;-0.05;1.24
15.542999999999918;736.7014965167658;31.599886370165585;78.03;85.16;-0.02;1.24
15.575999999999917;738.4917167601091;23.628624593863016;79.64;85.70;0.00;1.24
15.608999999999916;743.9116180207775;15.565700402979685;84.52;86.44;0.00;1.24
15.641999999999916;731.4435883953962;7.491706506433431;73.30;85.72;0.05;1.24
15.674999999999915;737.3824446529079;-0.8090239419281253;78.64;85.35;0.07;1.24
15.707999999999915;745.3028991572943;-10.2232777274796;85.77;85.47;0.06;1.24
15.740999999999914;737.3806170775001;-17.043714203746546;78.64;84.65;0.07;1.24
15.773999999999914;740.1583834814085;-25.70463269194736;81.14;83.91;0.08;1.24
15.806999999999913;735.303488212625;-33.85018875064228;76.77;82.55;0.09;1.24
15.839999999999913;749.750346012063;-41.46104171383633;89.78;82.44;0.04;1.24
15.872999999999912;739.8231513376827;-48.29512372708991;80.84;81.25;0.03;1.24
15.905999999999912;734.3182581172938;-55.43930806482795;75.89;79.46;0.04;1.24
15.938999999999911;735.904406171608;-61.3534796469221;77.31;77.80;0.03;1.24
15.97199999999991;718.1621363346135;-67.87507516810486;61.35;74.47;0.09;1.24
16.00499999999991;723.4359402364938;-72.6093667512029;66.09;71.75;0.10;1.24
16.03799999999991;730.8973021148166;-78.03472880409831;72.81;69.81;0.08;1.24
16.070999999999913;730.0571224181726;-83.38705876872262;72.05;67.85;0.05;1.24
16.103999999999914;715.7354847082009;-87.43844863289027;59.16;64.65;0.07;1.24
16.136999999999915;717.63776512614;-90.19497251307847;60.87;61.82;0.06;1.24
16.169999999999916;714.5206390215125;-92.40331744997648;58.07;58.89;0.06;1.24
16.202999999999918;701.0984324482769;-94.64325699648907;45.99;54.93;0.10;1.24
16.23599999999992;706.6629766692449;-96.60124170249266;51.00;51.77;0.10;1.24
16.26899999999992;704.0046211537114;-96.22335130356738;48.60;48.65;0.09;1.24
16.30199999999992;694.8240403922035;-96.5160872131926;40.34;44.97;0.11;1.24
16.334999999999923;703.7016404801165;-95.43586126255462;48.33;42.47;0.08;1.24
16.367999999999924;688.4847228586046;-94.33912645976869;34.64;38.84;0.10;1.24
16.400999999999925;673.3128438367268;-92.82473123727138;20.98;34.17;0.17;1.24
16.433999999999926;678.3110640574599;-90.0844409220342;25.48;30.43;0.19;1.24
16.466999999999928;674.9503048678808;-86.88798216762137;22.46;26.79;0.22;1.24
16.49999999999993;671.9627870888885;-81.26668691477502;19.77;23.33;0.24;1.24
16.53299999999993;668.6856953325452;-78.71345817195292;16.82;19.98;0.26;1.24
16.56599999999993;673.4444349451397;-73.01682669923959;21.10;17.52;0.24;1.24
16.598999999999933;658.0038850538148;-66.80662796651912;7.20;14.03;0.28;1.24
16.631999999999934;665.4130355748925;-60.78336659705597;13.87;11.70;0.28;1.24
16.664999999999935;661.5012684254838;-54.53118796663456;10.35;9.42;0.28;1.24
16.697999999999936;653.7890721780676;-47.62235830795834;3.41;6.82;0.31;1.24
16.730999999999938;662.5675084348519;-38.90075274055309;11.31;5.50;0.29;1.24
16.76399999999994;658.813517634853;-32.74224879408202;7.93;4.17;0.28;1.24
16.79699999999994;649.924483853952;-24.604064455271022;-0.07;2.37;0.30;1.24
16.82999999999994;658.6190442309844;-15.879625613961814;7.76;1.77;0.28;1.24
16.862999999999943;646.1803876956928;-9.667241961771936;-3.44;0.29;0.31;1.24
16.895999999999944;660.5114387181269;0.28409436339982497;9.46;0.52;0.28;1.24
16.928999999999945;656.8545124996306;8.20647428306744;6.17;0.65;0.26;1.24
16.961999999999946;652.4466697245444;16.26917413786365;2.20;0.61;0.27;1.24
16.994999999999948;654.3620500484491;24.90185307676112;3.93;0.98;0.26;1.24
17.02799999999995;650.4337325348716;33.156834611843344;0.39;1.20;0.28;1.24
17.06099999999995;660.02677945857;40.27328298782493;9.02;2.49;0.26;1.24
17.09399999999995;662.809053480947;47.43864839669896;11.53;4.14;0.24;1.24
17.126999999999953;650.1522278466603;55.09214894820643;0.14;4.70;0.27;1.24
17.159999999999954;669.2752051724076;62.02886499219819;17.35;7.16;0.23;1.24
17.192999999999955;670.498003389367;68.9485824732344;18.45;9.73;0.20;1.24
17.225999999999956;669.959764294622;75.14731418288721;17.96;12.21;0.18;1.24
17.258999999999958;679.3755192372744;79.8278813277952;26.44;15.50;0.14;1.24
17.29199999999996;668.5368208011463;85.46525706748324;16.68;17.67;0.15;1.24
17.32499999999996;687.0328571677978;89.4432687777694;33.33;21.46;0.10;1.24
17.35799999999996;682.3083546894215;93.63417328539006;29.08;24.62;0.09;1.24
17.390999999999963;686.5625976629996;96.55808307602322;32.91;27.98;0.07;1.24
17.423999999999964;677.0829962904522;99.42663703238372;24.37;30.23;0.11;1.24
17.456999999999965;696.5627278247914;100.66621773089064;41.91;34.11;0.07;1.24
17.489999999999966;703.2271372495927;101.71713140725487;47.90;38.30;0.03;1.24
17.522999999999968;695.1197257193423;103.28169518392944;40.61;41.41;0.04;1.24
17.55599999999997;694.0209316329302;103.25394757845586;39.62;44.13;0.06;1.24
17.58899999999997;715.989182699736;102.51146365627969;59.39;48.59;0.01;1.24
17.62199999999997;700.9870735140533;99.53711433374647;45.89;51.22;0.04;1.24
17.654999999999973;714.1253838416573;98.64178031854938;57.71;54.76;0.02;1.24
17.687999999999974;714.5162685951514;95.39560697071596;58.06;57.94;0.02;1.24
17.720999999999975;722.2473580722034;91.83001828374037;65.02;61.44;0.00;1.24
17.753999999999976;715.3465137013588;88.37816262266077;58.81;63.88;0.03;1.24
17.786999999999978;727.0689544670757;83.18960569713629;69.36;67.03;0.01;1.24
17.81999999999998;730.4400616345858;77.35324685443234;72.40;70.05;-0.01;1.24
17.85299999999998;722.7126183344992;73.20510466581274;65.44;71.95;0.02;1.24
17.88599999999998;734.365228407691;65.98226503261138;75.93;74.54;0.01;1.24
17.918999999999983;736.1583526630075;59.26279704998268;77.54;76.87;0.00;1.24
17.951999999999984;730.42416725726;52.45846013029205;72.38;78.27;0.02;1.24
17.984999999999985;750.8582327163347;44.46414266778244;90.77;81.20;-0.04;1.24
18.017999999999986;729.8079679854453;37.61599549448107;71.83;81.74;0.00;1.24
18.050999999999988;744.5251256773233;29.88274447174715;85.07;83.34;-0.02;1.24
18.08399999999999;741.9112240857442;21.804347465032123;82.72;84.33;-0.02;1.24
18.11699999999999;742.2264954253045;13.904799830662538;83.00;85.03;-0.02;1.24
18.14999999999999;746.0566070709892;5.131236841697865;86.45;85.78;-0.04;1.24
18.182999999999993;747.9143487482401;-3.0817861750940163;88.12;86.41;-0.06;1.24
18.215999999999994;750.2286976645246;-11.345060961267654;90.21;86.97;-0.09;1.24
18.248999999999995;738.1180665155365;-19.43139223246202;79.31;86.14;-0.06;1.24
18.281999999999996;731.0631930648431;-28.10718786806232;72.96;84.47;-0.02;1.24
18.314999999999998;732.0457864694288;-35.45861328789559;73.84;82.80;0.01;1.24
18.348;733.9325375938772;-43.22347529364465;75.54;81.20;0.03;1.24
18.381;733.1805548425384;-50.13908330867956;74.86;79.47;0.04;1.24
18.414;731.752398698141;-55.729843614346926;73.58;77.59;0.05;1.24
18.447000000000003;727.1902416207042;-62.82598287403688;69.47;75.25;0.07;1.24
18.480000000000004;728.7535383450893;-69.38780601097075;70.88;73.08;0.07;1.24
18.513000000000005;728.5605405375338;-74.77881245114777;70.70;70.94;0.06;1.24
18.546000000000006;715.8850686558876;-79.18030476493766;59.30;67.70;0.09;1.24
18.579000000000008;715.7150532305105;-84.73389478711681;59.14;64.57;0.11;1.24
18.61200000000001;705.8644920935901;-87.39673252150915;50.28;60.70;0.15;1.24
18.64500000000001;704.1325829539978;-90.7243892594664;48.72;56.91;0.19;1.24
18.67800000000001;707.3200824835839;-94.30067516463629;51.59;53.65;0.19;1.24
18.711000000000013;713.549753918979;-94.48127167979042;57.19;51.24;0.16;1.24
18.744000000000014;698.0832197652414;-97.02412766689076;43.27;47.60;0.17;1.24
18.777000000000015;700.1803053916927;-96.743730483684;45.16;44.47;0.16;1.24
18.810000000000016;698.1905304558322;-95.69837430982649;43.37;41.47;0.15;1.24
18.843000000000018;688.6883524721989;-95.91496972573403;34.82;37.89;0.17;1.24
18.87600000000002;685.7754886532701;-93.97537840182797;32.20;34.41;0.18;1.24
18.90900000000002;680.4367049165918;-92.45180765322662;27.39;30.79;0.19;1.24
18.94200000000002;683.8020197311812;-88.66576282079207;30.42;27.91;0.18;1.24
18.975000000000023;671.9100967663026;-86.33402935298155;19.72;24.28;0.20;1.24
19.008000000000024;668.1022670132652;-80.86353709613496;16.29;20.75;0.23;1.24
19.041000000000025;665.0864905389146;-77.59155062355195;13.58;17.37;0.25;1.24
19.074000000000026;676.7596124525435;-71.9658132102784;24.08;15.51;0.22;1.24
19.107000000000028;668.1984672444441;-65.3020060359123;16.38;13.25;0.21;1.24
19.14000000000003;665.9798281015811;-59.24000602451979;14.38;11.17;0.20;1.24
19.17300000000003;658.8059478284673;-52.825537451935865;7.93;8.82;0.21;1.24
19.20600000000003;662.0783670139541;-46.212865881826154;10.87;7.17;0.20;1.24
19.239000000000033;661.6337979534206;-37.50732370793022;10.47;5.88;0.18;1.24
19.272000000000034;664.8471169026078;-30.845095348340855;13.36;5.21;0.15;1.24
19.305000000000035;656.3285144629625;-21.849180239137997;5.70;4.09;0.16;1.24
19.338000000000036;654.8202256657464;-14.345267125954596;4.34;3.15;0.16;1.24
19.371000000000038;652.3439508964095;-6.038879011679135;2.11;2.30;0.17;1.24
19.40400000000004;649.2009122366748;1.3371159390957061;-0.72;1.45;0.19;1.24
19.43700000000004;652.958730229649;9.760108985121542;2.66;1.25;0.20;1.24
19.47000000000004;645.82718047041;18.625762767654454;-3.76;0.65;0.23;1.24
19.503000000000043;662.5924881437153;26.19215121784466;11.33;1.86;0.20;1.24
19.536000000000044;656.1705643618996;34.22002130438342;5.55;2.61;0.20;1.24
19.569000000000045;652.5498309422628;42.587520724703715;2.29;3.20;0.21;1.24
19.602000000000046;661.4773354862207;49.586995996893464;10.33;4.76;0.20;1.24
19.635000000000048;659.1841169814473;56.580247364925526;8.27;6.17;0.20;1.24
19.66800000000005;658.5879076439061;63.609117197480614;7.73;7.60;0.21;1.24
19.70100000000005;670.3911733207623;69.50750314555411;18.35;10.16;0.18;1.24
19.73400000000005;670.3786730579483;75.88270674446547;18.34;12.69;0.16;1.24
19.767000000000053;677.0036445272206;81.04826371436282;24.30;15.76;0.13;1.24
19.800000000000054;670.2979251839298;86.56083124361649;18.27;18.10;0.14;1.24
19.833000000000055;676.4066501683826;90.49774888770297;23.77;20.90;0.13;1.24
19.866000000000057;688.240138694904;94.25205036776737;34.42;24.66;0.09;1.24
19.899000000000058;694.4279755079104;97.35787332841217;39.99;28.76;0.04;1.24
19.93200000000006;680.8369103785819;99.59665184360098;27.75;31.33;0.07;1.24
19.96500000000006;704.6320616255201;101.41038817529673;49.17;35.90;0.01;1.24
19.99800000000006;696.6357661269701;102.43187541972668;41.97;39.38;0.00;1.24
20.031000000000063;688.5822841608531;103.54726564793367;34.72;41.82;0.04;1.24
20.064000000000064;696.6717537260326;102.43749291780463;42.00;44.73;0.05;1.24
20.097000000000065;706.8558970608889;2.2505930868321613;51.17;46.60;0.00;1.24
20.130000000000067;710.4853552257003;3.3316496221376717;54.44;48.42;-0.05;1.24
20.163000000000068;707.6008232298326;2.966448747878351;51.84;49.64;-0.09;1.24
20.19600000000007;706.9156433298638;2.8210318077880867;51.22;50.54;-0.10;1.24
20.22900000000007;698.9620184656952;3.0962008868633473;44.07;50.51;-0.08;1.24
20.26200000000007;694.6503433334518;3.3877421761941635;40.19;49.97;-0.04;1.24
20.295000000000073;700.2173210085946;2.3814672902470093;45.20;49.86;-0.03;1.24
20.328000000000074;712.7331152388614;2.493027896578558;56.46;50.86;-0.06;1.24
20.361000000000075;713.1542157389277;2.1752189804932174;56.84;51.77;-0.09;1.24
20.394000000000077;704.279357029789;3.537779880523991;48.85;51.78;-0.08;1.24
20.427000000000078;707.4285893986115;2.9851816459926;51.69;52.04;-0.08;1.24
20.46000000000008;706.7062454462064;2.204515358237855;51.04;52.16;-0.08;1.24
20.49300000000008;698.6528590506298;3.1682928567441744;43.79;51.52;-0.04;1.24
20.52600000000008;705.0884435562806;2.809022059444663;49.58;51.49;-0.03;1.24
20.559000000000083;705.8743657271499;3.307949146782841;50.29;51.52;-0.03;1.24
20.592000000000084;713.7044068530206;3.8264569364476695;57.33;52.27;-0.05;1.24
20.625000000000085;705.7736240647703;2.571385775529606;50.20;52.22;-0.04;1.24
20.658000000000087;705.452079918373;2.9842826401644635;49.91;52.12;-0.03;1.24
20.691000000000088;702.1639661374733;2.972198200885256;46.95;51.72;-0.01;1.24
20.72400000000009;695.0258818510916;3.1490339132531817;40.52;50.67;0.04;1.24
20.75700000000009;709.3143673104981;3.0666336712436886;53.38;51.00;0.03;1.24
20.79000000000009;701.1048585683903;3.659762043295225;45.99;50.56;0.05;1.24
20.823000000000093;715.5566218937953;3.7503788713437327;59.00;51.49;0.01;1.24
20.856000000000094;707.4121072208661;3.4569487687337968;51.67;51.60;0.01;1.24
20.889000000000095;702.6118004409527;2.3681732468413568;47.35;51.23;0.03;1.24
20.922000000000097;700.1734810330066;2.4095798020948607;45.16;50.65;0.06;1.24
20.955000000000098;696.3838489629288;2.337801164150166;41.75;49.75;0.10;1.24
20.9880000000001;699.7488978625798;2.5645706789854703;44.77;49.22;0.12;1.24
21.0210000000001;700.118562181658;4.346569105810543;45.11;48.78;0.14;1.24
21.0540000000001;709.1112091584226;3.1957816460373856;53.20;49.19;0.12;1.24
21.087000000000103;692.4547001369243;3.3843735997997246;38.21;48.04;0.17;1.24
21.120000000000104;691.8330802780717;2.662070153064681;37.65;46.88;0.22;1.24
21.153000000000105;703.5754572835773;3.3459596105442895;48.22;46.90;0.21;1.24
21.186000000000107;711.9118157084;3.9713120507446478;55.72;47.71;0.17;1.24
21.219000000000108;712.2088397399625;3.435410996846402;55.99;48.51;0.13;1.24
21.25200000000011;717.4838663591746;3.845795631680187;60.74;49.76;0.08;1.24
21.28500000000011;702.6784526096948;3.6147513752434004;47.41;49.55;0.09;1.24
21.31800000000011;707.5969927706748;2.873014287441159;51.84;49.81;0.08;1.24
21.351000000000113;707.9097387858807;2.879289227084127;52.12;50.07;0.07;1.24
21.384000000000114;703.7928282729897;3.7501496241803425;48.41;49.94;0.08;1.24
21.417000000000115;707.1078392062686;3.458744004513938;51.40;50.13;0.07;1.24
21.450000000000117;709.8762635003538;3.9435570948274954;53.89;50.56;0.05;1.24
21.483000000000118;702.1943329544943;3.2474027923066586;46.97;50.25;0.07;1.24
21.51600000000012;707.8479598434933;1.7772504950260408;52.06;50.45;0.06;1.24
21.54900000000012;700.4116150845018;2.9096424235104994;45.37;49.96;0.08;1.24
21.58200000000012;696.7346472977653;3.2460597533941566;42.06;49.15;0.12;1.24
21.615000000000123;704.4829118958669;3.0733198919011646;49.03;49.12;0.12;1.24
21.648000000000124;705.0413234438091;3.883605123428788;49.54;49.15;0.12;1.24
21.681000000000125;704.8334241160961;3.2678603829941126;49.35;49.16;0.12;1.24
21.714000000000127;705.8918524183797;3.39465841918431;50.30;49.26;0.11;1.24
21.747000000000128;704.3521649092537;3.572315352183018;48.92;49.22;0.11;1.24
21.78000000000013;705.0046493765769;2.9408393207842103;49.50;49.24;0.11;1.24
21.81300000000013;697.8641386326756;3.220064929788372;43.08;48.59;0.14;1.24
21.84600000000013;709.6855636211573;2.1851909125424767;53.72;49.07;0.12;1.24
21.879000000000133;700.0330142641526;3.415127205149058;45.03;48.64;0.13;1.24
21.912000000000134;693.7060638033915;2.1645044136402563;39.34;47.63;0.18;1.24
21.945000000000135;704.8715123552831;2.289857697051443;49.38;47.71;0.17;1.24
21.978000000000137;701.2122484498237;2.680828894835182;46.09;47.47;0.17;1.24
22.011000000000138;700.7726775969845;3.5503198000875704;45.70;47.21;0.18;1.24
22.04400000000014;705.5657184116844;4.518679744629256;50.01;47.44;0.17;1.24
22.07700000000014;689.9954307835566;3.0182751980229754;36.00;46.19;0.22;1.24
22.11000000000014;701.1679940530087;2.916142606375504;46.05;46.06;0.22;1.24
22.143000000000143;700.918043674767;3.7452728782991094;45.83;45.93;0.22;1.24
22.176000000000144;700.7709424918334;2.4989666825067216;45.69;45.78;0.22;1.24
22.209000000000145;706.9966032301779;3.0624359464053836;51.30;46.23;0.20;1.24
22.242000000000147;700.1692935093058;1.8636852597418725;45.15;46.01;0.20;1.24
22.275000000000148;702.2833439572214;2.2882138756433505;47.05;46.00;0.20;1.24
22.30800000000015;694.3419445953928;2.756230116873209;39.91;45.27;0.22;1.24
22.34100000000015;709.8786155735555;3.6045312463048695;53.89;46.05;0.18;1.24
22.37400000000015;703.7896268916645;2.879990143727235;48.41;46.21;0.17;1.24
22.407000000000153;710.3219673980718;2.9837137474941673;54.29;46.98;0.14;1.24
22.440000000000154;700.3728935245431;3.51762298637541;45.34;46.78;0.14;1.24
22.473000000000155;700.5842235343887;2.851968521599734;45.53;46.61;0.15;1.24
22.506000000000157;698.9610354135218;3.248406489903419;44.06;46.31;0.16;1.24
22.539000000000158;702.4746464071836;3.453324460145814;47.23;46.35;0.16;1.24
22.57200000000016;697.7891307955466;2.4695037559230837;43.01;45.95;0.17;1.24
22.60500000000016;700.4182619347364;3.2201816120796707;45.38;45.82;0.17;1.24
22.63800000000016;712.689108653467;3.627639199681783;56.42;46.86;0.12;1.24
22.671000000000163;698.3852939655103;3.287928886311251;43.55;46.50;0.14;1.24
22.704000000000164;706.541686065598;3.3826948090635978;50.89;46.92;0.12;1.24
22.737000000000165;691.6699812417768;3.3044367194175948;37.50;45.94;0.16;1.24
22.770000000000167;696.3743867830427;3.2499791087664387;41.74;45.45;0.18;1.24
22.803000000000168;708.7979773448474;2.9943379280802165;52.92;46.14;0.15;1.24
22.83600000000017;711.7176904984228;3.068864245739512;55.55;47.07;0.10;1.24
22.86900000000017;707.7844834544936;2.686802872803551;52.01;47.58;0.08;1.24
22.90200000000017;708.6066447544778;1.9493882094495507;52.75;48.12;0.06;1.24
22.935000000000173;707.5249095590233;2.544533393132459;51.77;48.53;0.04;1.24
22.968000000000174;699.0657802160151;2.1999910096101156;44.16;48.12;0.06;1.24
23.001000000000175;699.2582254732218;3.986226222090414;44.33;47.78;0.08;1.24
23.034000000000177;694.8903661947278;2.885087518110948;40.40;47.03;0.11;1.24
23.067000000000178;712.3086696491811;3.2633072779759904;56.08;47.95;0.07;1.24
23.10000000000018;711.8226321637597;2.974219720971367;55.64;48.77;0.04;1.24
23.13300000000018;713.2202158530782;3.15986689753848;56.90;49.67;0.00;1.24
23.16600000000018;715.1415014210611;2.1089635506232427;58.63;50.68;-0.04;1.24
23.199000000000183;700.3300739008167;2.9118066372629836;45.30;50.26;-0.02;1.24
23.232000000000184;709.2021558883891;2.7803045774933697;53.28;50.67;-0.03;1.24
23.265000000000185;705.8281208154427;3.2410638572435198;50.25;50.75;-0.03;1.24
23.298000000000187;706.1233950535964;2.3225329033760063;50.51;50.83;-0.02;1.24
23.331000000000188;708.1667142631409;3.841883909712139;52.35;51.12;-0.03;1.24
23.36400000000019;692.9187753947001;2.8802122066691984;38.63;49.95;0.03;1.24
23.39700000000019;714.3357248164348;3.0313599275348895;57.90;50.83;-0.01;1.24
23.43000000000019;706.6830210375693;3.0756698830378677;51.01;50.95;-0.01;1.24
23.463000000000193;703.4955103198614;3.4042933763703975;48.15;50.76;0.00;1.24
23.496000000000194;707.794913098896;3.186132744349914;52.02;50.98;0.00;1.24
23.529000000000195;692.640563001018;2.4270213116444888;38.38;49.76;0.05;1.24
23.562000000000197;708.9009215815657;3.1336136577684535;53.01;50.13;0.04;1.24
23.595000000000198;709.4005986704985;3.8324065123263544;53.46;50.54;0.03;1.24
23.6280000000002;707.1960078969063;3.146738974479933;51.48;50.70;0.02;1.24
23.6610000000002;709.0358981949697;3.0951187607855637;53.13;51.02;0.01;1.24
23.6940000000002;706.8084483050645;3.052384149815069;51.13;51.12;0.01;1.24
23.727000000000203;711.9767194439296;2.4519862872596945;55.78;51.67;-0.01;1.24
23.760000000000204;701.9466867919344;3.5552135560413327;46.75;51.27;0.01;1.24
23.793000000000205;700.5714143986816;2.2228824074765807;45.51;50.74;0.04;1.24
23.826000000000207;697.8234262687831;2.7035165468823488;43.04;49.99;0.07;1.24
23.859000000000208;712.7935432812924;2.7428027813249125;56.51;50.67;0.05;1.24
23.89200000000021;695.8090994982207;2.627507415328161;41.23;49.73;0.09;1.24
23.92500000000021;698.1280201988112;1.9389617327405233;43.32;49.05;0.12;1.24
23.95800000000021;689.3253471652472;3.284395368692029;35.39;47.61;0.18;1.24
23.991000000000213;700.5334573225907;2.7309877699525735;45.48;47.29;0.19;1.24
24.024000000000214;704.5853972606252;3.1334524401904322;49.13;47.39;0.18;1.24
24.057000000000215;699.2479625408971;2.64872280975871;44.32;46.98;0.19;1.24
24.090000000000217;701.1723134310176;3.2705708944134675;46.06;46.79;0.20;1.24
24.123000000000218;707.546405058184;3.22732064126097;51.79;47.21;0.17;1.24
24.15600000000022;705.4733655999898;3.904281216970162;49.93;47.43;0.16;1.24
24.18900000000022;711.7517070028522;2.881786120418355;55.58;48.21;0.12;1.24
24.22200000000022;696.3551776771568;2.6308394881069437;41.72;47.51;0.15;1.24
24.255000000000223;704.7192490585338;3.002886094957304;49.25;47.64;0.15;1.24
24.288000000000224;708.7400661498601;3.495159172546893;52.87;48.14;0.12;1.24
24.321000000000225;706.4335647309392;2.9081226046869557;50.79;48.39;0.11;1.24
24.354000000000227;703.9524789433557;2.4960297370607663;48.56;48.39;0.11;1.24
24.387000000000228;709.8995020602742;2.877880726574694;53.91;48.95;0.08;1.24
24.42000000000023;696.7461620083267;2.740319186069578;42.07;48.25;0.11;1.24
24.45300000000023;701.559493393008;3.1091594468988064;46.40;48.05;0.12;1.24
24.48600000000023;704.3161506927923;3.1183267481371977;48.88;48.11;0.12;1.24
24.519000000000233;703.3861548456728;2.42344667191497;48.05;48.07;0.12;1.24
24.552000000000234;701.889639764079;2.0836919386014063;46.70;47.89;0.12;1.24
24.585000000000235;701.6046302681626;2.5830521906599087;46.44;47.70;0.13;1.24
24.618000000000237;695.9496992853188;3.1971115472855454;41.35;47.01;0.16;1.24
24.651000000000238;703.7272703738811;3.6738875343969735;48.35;47.10;0.15;1.24
24.68400000000024;696.9666789708824;2.835972828837884;42.27;46.54;0.17;1.24
24.71700000000024;702.1819510591938;3.040809163024993;46.96;46.51;0.17;1.24
24.75000000000024;708.0953150741443;3.2418116741964167;52.29;47.03;0.15;1.24
24.783000000000243;701.4572796976222;2.3165195330175345;46.31;46.90;0.15;1.24
24.816000000000244;708.3935585529728;3.8205378509865264;52.55;47.45;0.12;1.24
24.849000000000245;710.7882285010318;2.4607906197247953;54.71;48.17;0.09;1.24
24.882000000000247;707.7839117825697;3.9710872663404473;52.01;48.59;0.07;1.24
24.915000000000248;699.0537753928564;2.51010428552713;44.15;48.15;0.09;1.24
24.94800000000025;702.0615786227531;2.8716554394753055;46.86;48.02;0.10;1.24
24.98100000000025;703.8984260004364;3.201068636692466;48.51;48.07;0.10;1.24
25.01400000000025;699.9224716931241;2.147733886402465;44.93;47.73;0.11;1.24
25.047000000000253;702.3886554010817;3.2474118558558436;47.15;47.66;0.11;1.24
25.080000000000254;705.1822326906655;2.520006487938069;49.66;47.84;0.10;1.24
25.113000000000255;703.8329420984516;2.3558599844359995;48.45;47.89;0.10;1.24
25.146000000000257;707.5993564452576;2.9119015661734577;51.84;48.28;0.08;1.24
25.179000000000258;706.9998732780565;3.4410981209724287;51.30;48.61;0.07;1.24
25.21200000000026;710.3968821364755;2.8122267260988325;54.36;49.23;0.04;1.24
25.24500000000026;703.1096424099964;2.6843494945363444;47.80;49.13;0.05;1.24
25.27800000000026;700.3016629532287;3.100674506804692;45.27;48.78;0.07;1.24
25.311000000000263;702.7322013739889;4.013196361944223;47.46;48.68;0.08;1.24
25.344000000000264;715.5945432724259;3.9209738668638443;59.04;49.79;0.03;1.24
25.377000000000265;694.9946460165929;3.0059787244423477;40.50;48.90;0.07;1.24
25.410000000000267;704.2526721229261;3.259235447137091;48.83;48.92;0.07;1.24
25.443000000000268;706.5450022581924;2.8556845024297943;50.89;49.15;0.06;1.24
25.47600000000027;710.8192310731301;2.9955119948631648;54.74;49.76;0.04;1.24
25.50900000000027;706.3486236051683;2.245452362725361;50.71;49.90;0.03;1.24
25.54200000000027;698.1227950077666;3.241179515466261;43.31;49.29;0.06;1.24
25.575000000000273;709.5783018887051;2.9033406309170484;53.62;49.76;0.04;1.24
25.608000000000274;696.3559072851674;2.9397429480952026;41.72;48.98;0.08;1.24
25.641000000000275;706.5066253789265;3.282651519338579;50.86;49.19;0.07;1.24
25.674000000000277;695.6423391922979;2.5090756258615645;41.08;48.36;0.11;1.24
25.707000000000278;700.831648144397;2.861465849186743;45.75;48.07;0.12;1.24
25.74000000000028;701.1642349771189;2.8976853544649557;46.05;47.83;0.13;1.24
25.77300000000028;703.7754313349537;2.307389211566029;48.40;47.84;0.13;1.24
25.80600000000028;696.7469789862541;2.9795631075921074;42.07;47.21;0.15;1.24
25.839000000000283;700.8005026019728;2.76316915711543;45.72;46.99;0.16;1.24
25.872000000000284;703.800143043391;3.319156201332768;48.42;47.08;0.15;1.24
25.905000000000285;711.6639760483877;3.8934278853101296;55.50;47.91;0.11;1.24
25.938000000000287;706.5170749064878;2.881337760015935;50.87;48.20;0.10;1.24
25.971000000000288;700.8983820627218;3.3484613550604427;45.81;47.96;0.11;1.24
26.00400000000029;699.2389883747043;2.0009108689412534;44.32;47.55;0.13;1.24
26.03700000000029;705.0414142670464;3.1875023038508696;49.54;47.73;0.12;1.24
26.07000000000029;701.9279842593521;3.1311622611109775;46.74;47.61;0.12;1.24
26.103000000000293;699.9898132062658;2.6255579281782513;44.99;47.30;0.13;1.24
26.136000000000294;712.293323876595;3.647932741892012;56.06;48.18;0.10;1.24
26.169000000000295;702.1947624461185;2.8548664486383637;46.98;48.06;0.10;1.24
26.202000000000297;700.9564905569247;3.6265242376985887;45.86;47.84;0.11;1.24
26.235000000000298;699.1895096443815;1.905510747772807;44.27;47.44;0.13;1.24
26.2680000000003;711.8527493972442;3.347186445709643;55.67;48.27;0.09;1.24
26.3010000000003;695.0584943230393;2.494361288449702;40.55;47.47;0.12;1.24
26.3340000000003;706.2793918793097;2.8546620532401503;50.65;47.77;0.11;1.24
26.367000000000303;705.7249196660085;2.904903392710961;50.15;48.00;0.10;1.24
26.400000000000304;698.9450973476099;2.5750318769995957;44.05;47.58;0.12;1.24
26.433000000000305;704.7366010284417;2.0055130318730474;49.26;47.72;0.11;1.24
26.466000000000307;697.4743205819686;2.943878666741384;42.73;47.18;0.13;1.24
26.499000000000308;714.3920706416407;2.0115214710157354;57.95;48.24;0.08;1.24
26.53200000000031;699.4809481264106;2.6238108224254515;44.53;47.86;0.10;1.24
26.56500000000031;713.2730317519741;2.840137315895502;56.95;48.79;0.06;1.24
26.59800000000031;703.0046309558946;3.6871796568760873;47.70;48.73;0.06;1.24
26.631000000000313;698.7655653066109;2.758025215170814;43.89;48.26;0.08;1.24
26.664000000000314;694.7800956837726;2.621557702570565;40.30;47.44;0.12;1.24
26.697000000000315;697.6628846919691;3.565818290583187;42.90;46.95;0.14;1.24
26.730000000000317;712.2887139113016;3.342581338415842;56.06;47.85;0.10;1.24
26.763000000000318;703.5742582952402;3.2683409499875626;48.22;47.89;0.10;1.24
26.79600000000032;707.611782073671;3.2617933478390126;51.85;48.30;0.08;1.24
26.82900000000032;711.1313194372719;3.105546768532334;55.02;49.01;0.05;1.24
26.86200000000032;695.6970071077925;3.7044043716795114;41.13;48.26;0.09;1.24
26.895000000000323;700.4425788260845;1.5704166705862495;45.40;47.95;0.10;1.24
26.928000000000324;707.7231560549552;2.205124579258702;51.95;48.35;0.08;1.24
26.961000000000325;700.3106106839766;3.2082465509737825;45.28;48.05;0.09;1.24
26.994000000000327;707.022857875994;3.079043088876987;51.32;48.38;0.08;1.24
27.027000000000328;703.6611857131958;2.8187207385026114;48.30;48.39;0.08;1.24
27.06000000000033;702.3572459226432;3.416568069631831;47.12;48.28;0.09;1.24
27.09300000000033;701.4082003141383;3.434358103035855;46.27;48.09;0.10;1.24
27.12600000000033;708.2286186943527;3.2004606506411273;52.41;48.54;0.08;1.24
27.159000000000333;714.0375113578948;3.783195670516926;57.63;49.51;0.04;1.24
27.192000000000334;707.1677374266069;3.351846751047293;51.45;49.78;0.03;1.24
27.225000000000335;700.422161929056;3.035461606798225;45.38;49.40;0.05;1.24
27.258000000000337;714.069643591303;3.673519225086637;57.66;50.31;0.01;1.24
27.291000000000338;695.8654092608566;2.939388585101496;41.28;49.47;0.05;1.24
27.32400000000034;697.463267040925;3.568416577793182;42.72;48.83;0.08;1.24
27.35700000000034;707.8125668116292;1.9841550013861335;52.03;49.15;0.07;1.24
27.39000000000034;706.3703978663565;2.5055553072960914;50.73;49.33;0.06;1.24
27.423000000000343;702.6924583937152;3.2057834640132383;47.42;49.17;0.07;1.24
27.456000000000344;704.0275239329636;3.1386277654548143;48.62;49.14;0.07;1.24
27.489000000000345;697.4750535541905;3.094528368295044;42.73;48.50;0.10;1.24
27.522000000000347;704.6653218816265;3.2008776076443524;49.20;48.57;0.10;1.24
27.555000000000348;694.2576251495457;2.866525175458745;39.83;47.66;0.14;1.24
27.58800000000035;697.4243135897929;2.656468336440962;42.68;47.10;0.16;1.24
27.62100000000035;705.1994436596908;2.873631990417686;49.68;47.30;0.15;1.24
27.65400000000035;698.4878818742031;3.648694923604542;43.64;46.88;0.16;1.24
27.687000000000353;695.5420315509091;3.053033653099945;40.99;46.20;0.19;1.24
27.720000000000354;699.2346834866834;3.12365611584928;44.31;45.91;0.20;1.24
27.753000000000355;699.8146385110924;2.9161492581893804;44.83;45.70;0.20;1.24
27.786000000000357;702.5115747005087;2.565610033222389;47.26;45.75;0.19;1.24
27.819000000000358;700.7245048865032;2.896582490756527;45.65;45.64;0.19;1.24
27.85200000000036;702.8570666653991;3.261708162088096;47.57;45.75;0.19;1.24
27.88500000000036;704.8452279021088;1.974138427180796;49.36;46.02;0.17;1.24
27.91800000000036;706.9043803417422;2.2179764987413457;51.21;46.48;0.14;1.24
27.951000000000363;693.301020487938;2.630950870833861;38.97;45.65;0.18;1.24
27.984000000000364;695.6385293167652;2.8749926560448156;41.07;45.09;0.20;1.24
28.017000000000365;718.069214675374;2.816291028942909;61.26;46.66;0.13;1.24
28.050000000000367;699.820028373086;3.313011405950904;44.84;46.45;0.13;1.24
28.083000000000368;705.8700117171738;3.199542343922901;50.28;46.82;0.12;1.24
28.11600000000037;706.3405068794652;2.743419658288518;50.71;47.20;0.10;1.24
28.14900000000037;701.0637491298095;2.391230065261497;45.96;47.06;0.10;1.24
28.18200000000037;698.1139245636452;3.418156483314822;43.30;46.68;0.12;1.24
28.215000000000373;701.7447155163837;2.9574411960011004;46.57;46.64;0.12;1.24
28.248000000000374;700.5492784936314;3.3927140254913897;45.49;46.51;0.13;1.24
28.281000000000375;706.2697003105131;2.5920020283061347;50.64;46.90;0.11;1.24
28.314000000000377;699.077046496368;3.2411833206227905;44.17;46.61;0.12;1.24
28.347000000000378;694.7861426166611;3.6429137617644956;40.31;45.95;0.15;1.24
28.38000000000038;701.4666747110099;1.9646208759766632;46.32;45.92;0.15;1.24
28.41300000000038;696.6287771980965;3.9885647719539667;41.97;45.48;0.16;1.24
28.44600000000038;704.3821454870828;3.0788266445622585;48.94;45.77;0.15;1.24
28.479000000000383;701.2713017684695;3.3860477577906174;46.14;45.77;0.15;1.24
28.512000000000384;704.2419424518316;2.2905066061308457;48.82;46.03;0.13;1.24
28.545000000000385;694.380898456838;2.740334024556889;39.94;45.36;0.16;1.24
28.578000000000387;700.5689081359444;2.2986139394429848;45.51;45.30;0.16;1.24
28.611000000000388;700.5825970853417;3.113466319636817;45.52;45.27;0.16;1.24
28.64400000000039;702.2144767062647;3.3978336866851073;46.99;45.39;0.15;1.24
28.67700000000039;711.5130347365802;2.24612144550546;55.36;46.36;0.10;1.24
28.71000000000039;705.2985049932084;2.155678968169563;49.77;46.69;0.09;1.24
28.743000000000393;703.5506044622314;3.067847171294757;48.20;46.86;0.08;1.24
28.776000000000394;710.091748650851;3.0634229209458783;54.08;47.62;0.05;1.24
28.809000000000395;704.9902514239927;2.376418405499434;49.49;47.85;0.04;1.24
28.842000000000397;706.8270075369946;3.3109704774841027;51.14;48.25;0.03;1.24
28.875000000000398;693.661818691217;3.8996694113967214;39.30;47.41;0.07;1.24
28.9080000000004;698.8261099951305;3.69930571308352;43.94;47.10;0.08;1.24
28.9410000000004;704.1506826557398;3.2073769446663487;48.74;47.28;0.08;1.24
28.9740000000004;701.6407059957054;3.246930517102876;46.48;47.23;0.08;1.24
29.007000000000403;708.8533080086102;3.3673145023810718;52.97;47.84;0.05;1.24
29.040000000000404;698.8186063173622;3.2268094611153177;43.94;47.49;0.07;1.24
29.073000000000405;702.1626155242265;3.0377587852375556;46.95;47.46;0.07;1.24
29.106000000000407;699.8569688905111;3.3979093368036293;44.87;47.22;0.09;1.24
29.139000000000408;703.1672239525661;3.3742250501252506;47.85;47.30;0.08;1.24
29.17200000000041;698.9211751261715;3.4708346337219838;44.03;46.99;0.10;1.24
29.20500000000041;708.5809676574469;3.3471565257699676;52.72;47.59;0.07;1.24
29.23800000000041;692.4442472300442;3.0162778608279;38.20;46.64;0.11;1.24
29.271000000000413;705.1995931008757;2.1084518782862363;49.68;46.92;0.10;1.24
29.304000000000414;702.4141539704121;3.5188043360230754;47.17;46.95;0.10;1.24
29.337000000000415;700.190549438143;1.9480081343553257;45.17;46.75;0.11;1.24
29.370000000000417;697.5931299815322;2.492070113010106;42.83;46.32;0.12;1.24
29.403000000000418;700.3272700053027;3.3716663503280344;45.29;46.19;0.13;1.24
29.43600000000042;706.705110938026;3.505621747666381;51.03;46.66;0.11;1.24
29.46900000000042;703.848574723695;3.4522417483606405;48.46;46.85;0.10;1.24
29.50200000000042;708.9783906377342;3.2115298650660637;53.08;47.49;0.07;1.24
29.535000000000423;707.0124122456608;3.0327148376061994;51.31;47.92;0.05;1.24
29.568000000000424;704.9618967828071;2.069989212910426;49.47;48.11;0.05;1.24
29.601000000000425;697.1119600981434;1.629516683109761;42.40;47.54;0.07;1.24
29.634000000000427;715.5648525331426;2.8192372438646314;59.01;48.74;0.02;1.24
29.667000000000428;706.0943212148906;4.340157298984581;50.48;49.02;0.01;1.24
29.70000000000043;697.2437966924845;2.5660703005816226;42.52;48.42;0.04;1.24
29.73300000000043;702.1664243592096;2.5593186504632603;46.95;48.31;0.05;1.24
29.76600000000043;708.1086216084649;2.7067833253860383;52.30;48.76;0.03;1.24
29.799000000000433;706.3180155100857;2.494949101824841;50.69;49.01;0.02;1.24
29.832000000000434;717.7899036458836;2.395319357874185;61.01;50.30;-0.03;1.24
29.865000000000435;716.0647709338635;2.63540885130515;59.46;51.36;-0.07;1.24
29.898000000000437;707.0030232488131;3.3392901817451857;51.30;51.52;-0.07;1.24
29.931000000000438;706.731458991118;3.7803085091291773;51.06;51.65;-0.07;1.24
29.96400000000044;700.221920662524;3.353274768601672;45.20;51.15;-0.04;1.24
29.99700000000044;693.1910615438854;3.5217843127458917;38.87;50.01;0.02;1.24
30.03000000000044;702.0291646631616;3.894795058380943;46.83;49.77;0.03;1.24
30.063000000000443;709.2391278651155;2.9396727641445946;53.32;50.19;0.02;1.24
time;Flex6;GyroY;angle;filteredAngle;Offset;P
0.033;694.046862628101;2.702261069584079;39.64;36.79;-12.63;11.16
0.066;701.1195412970462;3.7775491744359724;46.01;46.55;-10.13;9.91
0.099;683.5136926378618;3.3505161393756673;30.16;36.76;0.42;9.05
0.132;692.0927765906628;3.6068594938562653;37.88;37.38;0.05;7.91
0.165;708.2508451468638;2.6639710337622864;52.43;46.07;-2.62;6.91
0.198;688.9960529015012;3.5114563070315796;35.10;41.88;-0.83;6.10
0.231;695.9459022132056;3.3940600791845323;41.35;42.16;-0.68;5.44
0.264;706.0717853737384;1.8769670094319517;50.46;46.03;-1.27;4.90
0.29700000000000004;707.3235987931469;3.1196626095680067;51.59;48.98;-1.53;4.46
0.33000000000000007;697.379491682447;2.736351536104239;42.64;47.92;-1.11;4.09
0.3630000000000001;696.046959991081;3.1748074835718505;41.44;46.74;-0.78;3.78
0.39600000000000013;697.2045328132115;2.464502061120439;42.48;46.13;-0.59;3.51
0.42900000000000016;707.9914957305318;3.6532169961199;52.19;48.30;-0.76;3.28
0.4620000000000002;693.7209440621821;3.3321528717296314;39.35;46.67;-0.49;3.08
0.4950000000000002;699.5807719637987;2.0998567642197905;44.62;46.62;-0.43;2.90
0.5280000000000002;703.911873779292;3.135968948432406;48.52;47.47;-0.46;2.74
0.5610000000000003;699.4521805110782;3.5035510470167486;44.51;47.28;-0.39;2.60
0.5940000000000003;717.3037758068651;3.44582051511193;60.57;50.42;-0.61;2.48
0.6270000000000003;686.1602513566496;2.663173811596721;32.54;47.48;-0.32;2.37
0.6600000000000004;697.7534025152047;3.7524496555736517;42.98;46.98;-0.25;2.27
0.6930000000000004;704.5356695572187;2.093095220117906;49.08;47.64;-0.27;2.17
0.7260000000000004;707.3950793361245;3.2830870346694945;51.66;48.65;-0.32;2.09
