time,GyroX,GyroY,GyroZ,AccX,AccY,AccZ
1001,-1.89,-0.11,-0.41,0.00,0.03,1.05
1035,-2.00,-0.12,-0.47,0.01,0.03,1.05
1069,-1.88,0.07,-0.39,0.01,0.03,1.05
1101,-1.90,-0.13,-0.26,0.01,0.03,1.05
1135,-1.91,-0.24,-0.53,0.00,0.03,1.05
1169,-1.89,-0.14,-0.26,0.00,0.04,1.06
1202,-1.93,-0.08,-0.47,0.01,0.04,1.04
1235,-1.76,-0.33,-0.42,0.00,0.03,1.06
1269,-1.96,-0.27,-0.27,0.01,0.03,1.05
1302,-1.91,-0.14,-0.48,0.01,0.03,1.04
1336,-1.95,-0.15,-0.40,0.01,0.03,1.04
1370,-1.75,-0.17,-0.26,0.01,0.03,1.05
1402,-1.95,-0.36,-0.42,0.01,0.03,1.05
1436,-1.89,-0.03,-0.39,-0.00,0.04,1.05
1470,-1.95,-0.16,-0.55,0.00,0.03,1.05
1503,-1.76,-0.09,-0.33,-0.00,0.04,1.06
1537,-1.79,-0.17,-0.27,0.01,0.03,1.05
1569,-1.69,-0.02,-0.44,0.01,0.03,1.05
1603,-1.94,-0.19,-0.27,0.01,0.03,1.04
1637,-1.92,-0.21,-0.36,0.00,0.03,1.05
1670,-1.87,-0.15,-0.31,0.01,0.03,1.05
1703,-1.89,-0.13,-0.36,0.01,0.03,1.05
1737,-1.78,-0.05,-0.66,0.00,0.03,1.05
1770,-1.85,-0.09,-0.42,0.01,0.03,1.04
1804,-1.96,-0.11,-0.47,0.00,0.03,1.05
1838,-1.91,-0.25,-0.23,0.00,0.03,1.05
1870,-1.78,-0.11,-0.44,0.00,0.03,1.05
1904,-2.03,-0.01,-0.44,0.01,0.03,1.05
1938,-1.73,-0.25,-0.45,0.01,0.03,1.05
1971,-1.88,-0.15,-0.37,0.01,0.03,1.05
2004,-1.95,-0.08,-0.47,0.01,0.04,1.05
2038,-1.79,-0.22,-0.27,0.01,0.03,1.05
2071,-1.75,0.00,-0.49,0.01,0.03,1.06
2105,-1.86,-0.15,-0.54,0.01,0.04,1.05
2138,-1.89,-0.11,-0.47,0.00,0.03,1.04
2171,-1.84,-0.18,-0.40,0.00,0.03,1.05
2205,-1.85,-0.18,-0.45,0.01,0.03,1.05
2238,-1.82,-0.08,-0.40,0.01,0.03,1.04
2272,-1.98,-0.19,-0.53,0.00,0.03,1.06
2306,-2.00,-0.23,-0.45,0.00,0.04,1.06
2338,-1.86,-0.21,-0.55,0.01,0.03,1.05
2372,-1.88,-0.11,-0.59,0.01,0.03,1.04
2406,-2.05,-0.07,-0.51,0.01,0.03,1.05
2439,-1.95,-0.07,-0.20,0.01,0.03,1.05
2472,-1.83,-0.27,-0.43,0.00,0.03,1.05
2506,-1.89,-0.18,-0.29,0.01,0.03,1.05
2539,-1.81,-0.09,-0.38,0.00,0.03,1.05
2573,-1.92,-0.08,-0.34,0.00,0.03,1.05
2607,-1.79,-0.27,-0.35,0.01,0.03,1.05
2639,-1.74,-0.05,-0.34,0.01,0.04,1.05
2673,-1.84,-0.06,-0.59,0.01,0.04,1.04
2706,-1.76,-0.24,-0.47,0.00,0.04,1.05
2740,-1.93,-0.31,-0.40,0.01,0.03,1.05
2774,-1.79,-0.27,-0.38,0.01,0.03,1.05
2806,-1.86,-0.21,-0.44,0.00,0.04,1.05
2840,-1.84,-0.02,-0.19,0.01,0.03,1.05
2874,-1.92,-0.16,-0.50,0.00,0.03,1.05
2907,-1.76,-0.18,-0.46,0.00,0.03,1.05
2940,-1.88,-0.04,-0.28,0.01,0.03,1.05
2974,-1.81,-0.05,-0.33,0.01,0.04,1.04
3007,-1.83,-0.22,-0.47,0.00,0.04,1.05
3041,-1.83,-0.14,-0.53,0.01,0.03,1.05
3075,-1.94,-0.12,-0.40,0.00,0.03,1.05
3107,-1.72,-0.15,-0.40,-0.00,0.04,1.05
3141,-1.91,-0.08,-0.48,-0.00,0.03,1.05
3175,-1.76,-0.12,-0.60,0.01,0.03,1.05
3208,-1.81,-0.11,-0.43,0.00,0.03,1.05
3241,-1.94,-0.31,-0.29,-0.00,0.03,1.05
3275,-1.90,-0.09,-0.50,0.02,0.03,1.05
3308,-1.92,-0.26,-0.27,0.01,0.03,1.05
3342,-1.82,-0.07,-0.35,0.01,0.03,1.04
3375,-1.79,-0.05,-0.24,0.01,0.03,1.05
3408,-2.00,-0.12,-0.55,0.00,0.03,1.04
3442,-1.76,-0.15,-0.53,-0.00,0.03,1.05
3475,-1.84,-0.24,-0.40,0.00,0.04,1.05
3509,-1.94,-0.14,-0.72,0.00,0.03,1.06
3543,-1.82,0.01,-0.38,0.01,0.03,1.05
3575,-1.77,-0.02,-0.42,0.01,0.03,1.06
3609,-1.89,-0.15,-0.51,0.00,0.03,1.06
3643,-1.90,0.01,-0.53,0.00,0.03,1.06
3676,-1.76,-0.15,-0.49,0.01,0.03,1.05
3709,-1.96,-0.20,-0.36,0.00,0.03,1.05
3743,-1.79,-0.04,-0.40,0.00,0.03,1.05
3776,-1.69,-0.10,-0.36,0.01,0.03,1.05
3810,-1.69,-0.24,-0.51,0.00,0.03,1.04
3843,-1.88,-0.23,-0.36,0.01,0.03,1.05
3876,-2.00,-0.09,-0.58,0.00,0.03,1.05
3910,-1.78,-0.21,-0.47,0.01,0.03,1.05
3943,-2.02,-0.23,-0.61,0.01,0.03,1.06
3977,-1.78,-0.22,-0.37,0.00,0.03,1.04
4011,-1.95,-0.20,-0.28,0.01,0.03,1.05
4043,-1.85,-0.12,-0.63,-0.00,0.03,1.05
4077,-1.90,-0.18,-0.45,0.01,0.03,1.05
4111,-1.92,-0.24,-0.56,0.01,0.03,1.05
4144,-1.84,-0.03,-0.32,0.01,0.04,1.05
4177,-1.82,-0.24,-0.40,0.00,0.03,1.05
4211,-1.96,-0.27,-0.34,0.00,0.03,1.05
4244,-1.95,-0.27,-0.35,0.00,0.03,1.05
4278,-1.93,-0.18,-0.43,0.01,0.04,1.05
4312,-1.89,-0.11,-0.62,0.02,0.03,1.05
4344,-1.82,-0.14,-0.52,0.01,0.03,1.05
4378,-1.73,-0.09,-0.49,-0.00,0.04,1.04
4412,-1.83,-0.26,-0.53,0.01,0.03,1.05
4445,-1.98,-0.19,-0.40,0.01,0.03,1.05
4478,-1.93,-0.11,-0.29,0.01,0.03,1.06
4512,-1.96,-0.18,-0.56,0.01,0.03,1.05
4545,-1.79,-0.14,-0.35,0.00,0.04,1.05
4579,-2.05,-0.18,-0.32,0.01,0.03,1.04
4612,-1.91,-0.31,-0.47,0.01,0.04,1.05
4645,-1.85,-0.17,-0.41,-0.00,0.03,1.05
4679,-1.80,-0.06,-0.44,0.00,0.03,1.05
4712,-1.92,-0.18,-0.44,0.01,0.04,1.06
4746,-1.95,-0.11,-0.44,0.01,0.03,1.04
4780,-1.95,-0.18,-0.44,0.00,0.03,1.05
4812,-2.13,-0.02,-0.29,0.01,0.03,1.05
4846,-1.98,-0.21,-0.40,0.00,0.03,1.05
4880,-2.12,-0.17,-0.53,0.01,0.04,1.05
4913,-1.83,-0.15,-0.37,0.00,0.03,1.05
4946,-2.02,0.06,-0.33,0.01,0.03,1.05
4980,-1.64,-0.28,-0.42,0.01,0.03,1.06
5013,-1.89,-0.21,-0.49,0.01,0.04,1.04
5047,-1.95,-0.24,-0.34,0.00,0.03,1.05
5081,-1.90,-0.02,-0.27,0.01,0.03,1.05
5113,-1.87,-0.24,-0.59,0.00,0.03,1.04
5147,-1.92,-0.07,-0.39,0.01,0.04,1.05
5180,-1.92,-0.10,-0.38,0.01,0.03,1.05
5214,-1.81,-0.17,-0.56,0.01,0.03,1.05
5248,-1.85,-0.12,-0.37,0.01,0.03,1.05
5280,-1.84,-0.02,-0.51,0.01,0.03,1.05
5314,-1.92,-0.11,-0.38,0.01,0.03,1.05
5348,-1.87,-0.17,-0.54,0.01,0.02,1.05
5381,-1.82,-0.09,-0.32,0.00,0.03,1.05
5414,-2.03,-0.08,-0.44,0.00,0.03,1.05
5448,-1.87,-0.27,-0.38,0.01,0.03,1.05
5481,-2.01,-0.02,-0.55,0.00,0.03,1.05
5515,-1.99,-0.22,-0.37,0.01,0.03,1.05
5549,-1.99,-0.30,-0.43,0.01,0.03,1.05
5581,-1.74,-0.15,-0.34,0.00,0.03,1.05
5615,-1.85,-0.12,-0.27,0.00,0.03,1.05
5649,-1.92,-0.15,-0.35,0.01,0.03,1.05
5682,-1.93,-0.15,-0.40,0.01,0.03,1.05
5715,-1.97,-0.12,-0.53,0.01,0.04,1.05
5749,-1.82,-0.11,-0.55,-0.00,0.03,1.05
5782,-1.88,-0.14,-0.44,0.00,0.04,1.05
5816,-1.90,-0.27,-0.25,0.01,0.03,1.05
5850,-1.75,-0.18,-0.52,0.00,0.03,1.05
5882,-1.88,-0.27,-0.40,0.00,0.04,1.06
5916,-1.89,-0.21,-0.44,0.01,0.03,1.05
5949,-1.74,-0.34,-0.54,0.00,0.03,1.05
5983,-1.87,-0.11,-0.39,0.01,0.03,1.04
6017,-1.85,-0.21,-0.25,0.00,0.03,1.06
6049,-1.83,-0.21,-0.24,0.01,0.03,1.04
6083,-1.70,-0.11,-0.37,0.01,0.03,1.04
6117,-1.75,-0.20,-0.48,0.01,0.03,1.05
6150,-1.82,-0.12,-0.29,0.00,0.04,1.05
6183,-1.88,-0.11,-0.45,0.01,0.03,1.05
6217,-1.93,-0.08,-0.34,0.01,0.03,1.05
6250,-1.80,-0.15,-0.33,0.01,0.03,1.04
6284,-1.89,-0.06,-0.31,0.01,0.03,1.05
6318,-1.85,-0.15,-0.40,-0.00,0.03,1.04
6350,-1.72,-0.08,-0.33,0.01,0.03,1.05
6384,-1.90,-0.07,-0.32,0.00,0.03,1.05
6418,-1.76,-0.21,-0.43,0.00,0.03,1.06
6451,-2.01,-0.03,-0.42,0.01,0.04,1.06
6484,-1.78,-0.05,-0.41,0.00,0.03,1.05
6517,-1.86,-0.16,-0.22,0.00,0.03,1.05
6551,-1.96,-0.08,-0.40,0.00,0.03,1.05
6585,-1.98,-0.18,-0.45,0.00,0.03,1.05
6618,-1.85,-0.18,-0.44,0.01,0.03,1.04
6651,-1.96,-0.05,-0.34,0.00,0.04,1.05
6685,-1.98,-0.10,-0.46,0.00,0.02,1.05
6718,-1.99,-0.18,-0.39,0.01,0.03,1.04
6752,-1.92,-0.12,-0.28,0.00,0.03,1.05
6786,-1.96,-0.13,-0.18,0.00,0.02,1.05
6818,-1.63,-0.36,-0.40,0.01,0.03,1.06
6852,-1.76,-0.12,-0.37,0.00,0.03,1.06
6886,-2.00,-0.15,-0.32,0.01,0.04,1.05
6919,-1.72,-0.25,-0.33,0.01,0.03,1.04
6952,-1.81,-0.10,-0.39,0.01,0.03,1.04
6986,-1.73,-0.18,-0.51,0.01,0.04,1.05
7019,-1.92,-0.21,-0.26,0.01,0.03,1.06
7053,-1.88,-0.10,-0.33,0.00,0.03,1.04
7087,-1.79,-0.30,-0.51,0.01,0.03,1.05
7119,-1.87,0.00,-0.45,0.00,0.03,1.05
7153,-1.84,-0.31,-0.49,0.01,0.04,1.05
7186,-1.76,-0.09,-0.41,0.00,0.03,1.04
7220,-1.85,-0.31,-0.45,0.00,0.03,1.05
7254,-1.73,-0.16,-0.45,0.01,0.03,1.04
7286,-1.83,-0.17,-0.49,0.01,0.03,1.04
7320,-1.73,-0.18,-0.50,0.01,0.03,1.05
7354,-1.98,-0.27,-0.49,0.00,0.03,1.05
7387,-1.92,-0.19,-0.38,0.00,0.03,1.04
7420,-1.96,-0.15,-0.41,0.00,0.03,1.05
7454,-1.82,-0.11,-0.16,0.00,0.03,1.05
7487,-1.98,-0.24,-0.43,0.00,0.03,1.05
7521,-2.18,-0.13,-0.38,0.00,0.03,1.05
7555,-1.74,-0.06,-0.27,0.01,0.04,1.05
7587,-2.02,-0.19,-0.35,0.01,0.03,1.06
7621,-1.80,-0.03,-0.46,0.01,0.03,1.05
7654,-1.85,-0.08,-0.43,0.01,0.03,1.05
7688,-2.03,0.03,-0.50,0.00,0.03,1.05
7721,-1.84,-0.14,-0.47,0.01,0.03,1.05
7754,-1.69,-0.07,-0.34,0.00,0.03,1.06
7788,-1.95,-0.18,-0.31,0.01,0.04,1.05
7822,-1.80,-0.11,-0.28,0.01,0.03,1.04
7855,-1.82,-0.18,-0.43,0.00,0.03,1.05
7888,-1.79,-0.28,-0.50,0.00,0.04,1.05
7922,-2.10,-0.19,-0.37,0.01,0.03,1.05
7955,-1.77,-0.20,-0.58,0.00,0.03,1.06
7989,-1.83,-0.35,-0.27,0.00,0.03,1.04
8023,-1.84,-0.10,-0.56,0.00,0.03,1.05
8055,-1.71,-0.07,-0.25,0.01,0.03,1.05
8089,-1.91,-0.20,-0.41,0.01,0.04,1.05
8123,-1.79,-0.02,-0.42,0.00,0.04,1.04
8156,-1.89,-0.15,-0.50,0.01,0.03,1.05
8189,-1.82,-0.24,-0.53,0.00,0.03,1.05
8222,-1.88,-0.27,-0.50,0.00,0.03,1.05
8256,-1.84,-0.04,-0.50,0.01,0.03,1.04
8290,-1.83,-0.11,-0.46,0.00,0.03,1.05
8323,-1.94,-0.21,-0.44,0.00,0.03,1.04
8356,-2.09,-0.24,-0.31,0.01,0.03,1.05
8390,-1.99,-0.08,-0.48,0.00,0.03,1.06
8423,-1.97,-0.08,-0.30,0.01,0.03,1.05
8457,-2.02,-0.02,-0.46,0.01,0.03,1.04
8491,-1.85,-0.29,-0.28,0.00,0.03,1.05
8523,-1.82,-0.34,-0.45,0.01,0.03,1.04
8557,-1.90,-0.18,-0.45,0.00,0.03,1.05
8591,-1.92,-0.21,-0.39,0.01,0.04,1.04
8624,-1.92,-0.09,-0.34,0.00,0.03,1.05
8657,-1.89,-0.16,-0.40,0.01,0.03,1.05
8691,-1.70,-0.27,-0.37,0.01,0.03,1.05
8724,-1.89,-0.15,-0.34,0.01,0.03,1.04
8758,-1.80,-0.20,-0.27,0.01,0.03,1.05
8791,-1.78,-0.21,-0.36,0.01,0.03,1.04
8824,-1.95,-0.49,-0.42,0.01,0.03,1.05
8858,-1.79,0.09,-0.39,0.01,0.03,1.05
8891,-1.89,-0.21,-0.25,0.00,0.03,1.05
8925,-1.75,-0.08,-0.47,-0.01,0.03,1.05
8958,-1.91,-0.27,-0.53,0.01,0.03,1.05
8991,-1.76,-0.08,-0.50,0.01,0.03,1.05
9025,-1.78,-0.21,-0.44,0.00,0.03,1.05
9059,-2.02,-0.33,-0.17,0.00,0.03,1.05
9092,-1.73,-0.21,-0.60,0.00,0.03,1.05
9125,-1.95,-0.07,-0.52,0.00,0.03,1.06
9159,-1.82,-0.20,-0.26,0.01,0.03,1.05
9192,-1.69,-0.12,-0.38,0.01,0.03,1.05
9226,-1.78,-0.23,-0.45,0.01,0.03,1.05
9260,-1.79,-0.27,-0.38,0.01,0.03,1.05
9292,-1.69,-0.09,-0.53,0.01,0.03,1.05
9326,-1.92,-0.15,-0.37,0.01,0.03,1.05
9360,-1.79,-0.16,-0.56,0.01,0.03,1.05
9393,-1.83,-0.11,-0.40,0.01,0.03,1.05
9426,-1.85,-0.04,-0.61,0.00,0.02,1.05
9460,-1.85,-0.16,-0.56,0.01,0.03,1.04
9493,-1.80,-0.18,-0.49,0.00,0.03,1.05
9527,-2.05,-0.08,-0.36,0.00,0.04,1.05
9560,-1.87,-0.16,-0.40,0.01,0.04,1.05
9593,-1.85,-0.19,-0.28,0.00,0.03,1.05
9627,-1.73,-0.20,-0.57,0.01,0.03,1.05
9660,-1.76,-0.16,-0.46,0.01,0.03,1.05
9694,-1.78,-0.05,-0.42,0.00,0.03,1.05
9728,-1.99,-0.25,-0.40,0.01,0.04,1.05
9760,-1.82,-0.22,-0.52,0.00,0.03,1.05
9794,-1.88,-0.10,-0.29,0.00,0.03,1.04
9828,-1.93,-0.02,-0.62,0.00,0.04,1.05
9861,-1.85,-0.11,-0.41,-0.00,0.03,1.04
9894,-1.82,-0.40,-0.50,0.00,0.03,1.05
9928,-1.89,-0.11,-0.50,0.01,0.03,1.05
9961,-1.98,-0.08,-0.50,0.01,0.04,1.05
9995,-2.01,-0.11,-0.24,0.01,0.03,1.05
10029,-1.92,-0.16,-0.44,0.01,0.03,1.06
10061,-1.94,-0.18,-0.55,0.01,0.03,1.05
10095,-1.89,-0.21,-0.46,0.01,0.04,1.05
10129,-1.97,-0.24,-0.63,0.00,0.03,1.05
10162,-1.80,-0.02,-0.21,0.01,0.02,1.06
10195,-1.93,-0.13,-0.46,0.00,0.02,1.05
10229,-1.92,-0.29,-0.25,0.01,0.03,1.05
10262,-1.85,-0.13,-0.37,0.00,0.03,1.05
10296,-1.80,-0.03,-0.42,0.01,0.03,1.05
10330,-1.88,-0.07,-0.52,0.00,0.02,1.05
10363,-1.90,-0.21,-0.44,0.01,0.03,1.05
10396,-2.08,-0.10,-0.49,0.01,0.03,1.06
10430,-1.94,-0.27,-0.24,0.01,0.03,1.05
10464,-2.63,-0.07,6.64,0.04,0.03,1.05
10497,-2.19,-1.11,7.74,0.00,-0.01,1.02
10530,-2.65,0.50,12.50,0.01,0.03,1.07
10564,-1.76,-0.08,-0.53,0.00,0.03,1.05
10597,-2.41,0.25,4.42,-0.03,0.02,1.05
10631,-4.15,1.41,22.37,0.00,0.03,1.05
10664,-4.47,2.20,25.63,-0.01,0.02,1.04
10698,0.17,10.10,-16.19,0.01,0.01,0.97
10731,-0.88,10.76,-9.92,0.01,0.10,1.05
10765,-4.74,9.19,25.05,0.03,0.09,1.06
10799,-4.82,35.57,23.92,0.05,0.09,1.08
10832,-41.85,52.50,18.09,-0.12,0.08,1.21
10866,-131.57,-51.01,11.44,-0.12,-0.16,1.15
10900,-51.68,-9.24,-19.77,-0.06,-0.22,1.13
10933,76.37,-37.65,-6.77,-0.00,0.01,0.98
10967,198.43,-15.10,25.09,-0.04,-0.17,0.95
11000,60.50,25.07,-21.36,-0.07,0.06,1.43
11034,-33.33,-70.58,7.04,-0.01,0.23,1.24
11068,-84.53,-27.65,-43.55,-0.03,-0.17,1.16
11102,-69.50,-58.26,-9.01,0.05,0.40,1.21
11136,75.40,-24.79,76.57,0.08,0.09,0.77
11168,144.60,39.58,95.86,0.06,-0.06,0.90
11202,6.33,15.29,33.36,0.03,0.01,1.20
11236,-31.85,-12.47,16.50,0.06,-0.04,0.93
11270,92.30,-3.40,-2.26,0.07,0.13,0.90
11303,185.47,-4.79,22.44,0.10,0.25,0.89
11337,183.91,9.20,24.58,0.09,0.27,0.86
11370,68.95,14.56,-29.42,0.03,0.34,1.02
11404,139.52,-29.17,10.66,0.06,0.57,0.99
11438,117.70,-23.01,19.28,0.07,0.46,0.76
11471,182.12,7.08,0.91,0.11,0.48,0.73
11505,202.83,-10.78,-29.08,0.06,0.74,0.92
11539,196.53,-23.67,-6.30,0.10,0.73,0.63
11573,218.05,-0.54,-12.25,0.11,0.74,0.45
11607,216.40,-5.72,-23.24,0.08,1.02,0.56
11639,165.64,-21.00,-0.76,0.09,1.10,0.38
11673,178.82,-16.08,18.32,0.08,0.89,0.20
11707,155.79,-16.66,-9.05,0.07,1.00,0.23
11741,169.95,-27.07,6.19,0.10,1.16,-0.02
11774,146.69,-0.24,8.65,0.09,0.98,-0.12
11808,126.63,-18.97,1.24,0.10,1.07,-0.05
11842,114.24,-0.73,29.17,0.10,0.98,-0.25
11875,46.23,5.79,0.42,0.13,0.86,-0.22
11909,18.34,5.44,2.98,0.11,1.02,-0.22
11942,-8.98,-2.74,11.60,0.13,1.02,-0.16
11976,-12.55,0.95,10.63,0.12,0.93,-0.31
12010,33.31,1.76,0.99,0.14,1.00,-0.23
12043,47.62,-4.03,11.67,0.16,1.02,-0.25
12077,39.53,-2.25,5.90,0.14,0.90,-0.35
12110,23.45,-4.08,-7.33,0.14,0.94,-0.28
12144,-1.37,-1.34,6.44,0.16,0.94,-0.37
12177,-13.30,-3.93,-2.48,0.15,1.00,-0.31
12211,-82.28,-11.02,2.64,0.13,0.90,-0.34
12244,-66.97,-0.26,-11.97,0.14,1.05,-0.30
12278,-194.24,-1.44,2.05,0.12,1.14,-0.16
12312,-237.06,-4.10,-8.61,0.10,0.99,-0.18
12346,-139.05,27.05,13.33,0.16,1.14,-0.06
12379,-213.53,4.92,3.95,0.11,0.85,0.27
12412,-147.68,7.47,-20.06,0.14,1.09,0.19
12446,-177.09,7.52,9.34,0.12,1.02,0.45
12480,-250.14,-12.59,-12.76,0.12,0.75,0.36
12514,-250.14,21.92,-10.40,0.14,1.06,0.59
12548,-250.14,-3.43,11.95,0.06,0.68,0.69
12581,-246.96,26.50,-7.64,0.12,0.59,0.67
12615,-250.14,20.60,-2.06,0.09,0.47,1.06
12648,-250.14,-14.74,-13.23,0.09,0.33,0.92
12682,-250.14,19.98,2.01,0.14,0.22,0.85
12716,-250.14,33.51,20.37,0.07,-0.14,1.00
12749,-241.79,18.46,16.69,0.04,-0.28,1.04
12783,-249.09,-8.11,19.85,0.03,-0.45,0.93
12817,-249.07,-11.88,20.61,0.06,-0.56,0.86
12851,-201.87,-0.34,55.96,0.08,-0.68,0.55
12884,-250.14,34.98,24.37,-0.04,-0.82,0.66
12918,-245.50,11.17,25.11,-0.00,-0.81,0.63
12951,-165.81,-0.47,14.08,-0.03,-1.13,0.38
12985,-207.89,15.33,-14.73,0.03,-0.80,0.21
13019,-172.13,18.47,26.65,-0.04,-0.96,0.36
13052,-51.92,-16.68,10.73,-0.07,-1.19,0.17
13086,-79.11,-7.31,-18.63,-0.04,-0.98,-0.02
13120,-110.85,26.26,8.79,-0.03,-0.93,0.08
13154,-18.25,-2.15,-2.75,-0.06,-1.14,0.08
13188,-20.02,-18.18,-1.34,-0.04,-0.99,-0.02
13220,-36.79,11.78,-4.80,-0.02,-1.01,-0.17
13254,22.05,0.42,4.66,-0.06,-1.02,0.16
13288,68.79,-14.67,21.29,-0.04,-1.03,-0.13
13322,-6.18,11.69,-14.54,-0.04,-1.02,0.05
13356,-6.18,2.21,1.20,-0.04,-0.94,0.07
13388,37.94,-7.63,-4.49,-0.06,-1.07,0.18
13422,89.59,-24.24,-3.61,-0.05,-1.01,0.06
13456,89.29,-17.66,-0.41,-0.05,-1.05,0.12
13490,207.96,-29.03,0.24,-0.06,-1.07,0.18
13523,250.13,-24.88,34.18,-0.02,-0.85,0.25
13557,250.13,-18.21,27.95,-0.07,-0.89,0.69
13591,179.94,-45.47,-30.16,-0.07,-0.93,0.85
13624,216.82,-61.23,-22.50,-0.00,-0.55,0.67
13658,216.83,-30.79,2.84,0.02,-0.54,0.88
13691,250.13,-46.06,9.65,0.01,-0.44,0.96
13725,250.13,-42.97,26.15,0.04,-0.32,0.95
13759,250.13,-33.02,0.78,0.08,-0.12,1.00
13793,250.13,-34.47,-0.08,0.07,0.18,1.15
13827,250.13,-56.35,13.68,0.09,0.17,1.00
13860,250.13,-50.19,-31.11,0.15,0.49,0.73
13894,250.13,-11.73,-36.33,0.16,0.74,0.79
13928,225.20,-33.80,3.80,0.13,0.70,0.84
13961,162.46,-23.57,-26.34,0.17,0.76,0.34
13995,194.50,4.47,-7.21,0.16,1.05,0.50
14028,174.07,-13.04,23.65,0.15,0.81,0.49
14062,131.48,-29.18,-24.70,0.15,0.77,0.24
14096,184.12,-7.64,-21.53,0.14,1.07,0.14
14130,165.79,-11.49,-3.60,0.15,1.01,0.08
14163,186.73,-20.79,-20.88,0.14,0.87,0.07
14197,164.53,-32.27,-30.08,0.15,1.15,-0.28
14231,137.34,-14.28,-5.70,0.11,1.06,-0.22
14264,71.22,-18.66,-1.02,0.09,0.96,-0.30
14298,86.08,-3.85,-7.45,0.12,1.04,-0.38
14331,7.89,-15.80,4.55,0.11,1.01,-0.39
14365,16.82,2.34,-5.22,0.09,0.95,-0.42
14399,-4.53,2.58,2.08,0.09,0.96,-0.22
14432,-12.73,-5.32,-0.44,0.09,0.97,-0.42
14466,-23.85,6.40,6.53,0.10,0.96,-0.25
14499,-9.27,-10.56,-2.70,0.10,0.91,-0.36
14533,-17.49,1.60,1.98,0.10,1.05,-0.35
14566,-59.04,-7.06,11.36,0.08,1.02,-0.27
14600,-106.34,2.76,7.11,0.10,1.13,-0.37
14633,-162.45,1.47,13.63,0.10,1.08,-0.22
14667,-173.54,13.28,26.21,0.13,1.07,-0.12
14701,-250.14,-5.92,37.79,0.15,1.00,0.14
14735,-250.14,-9.43,-13.79,0.16,1.03,-0.11
14769,-184.30,57.98,53.02,0.17,1.21,0.44
14802,-250.14,-16.40,51.62,0.12,0.57,0.81
14835,-250.14,-11.39,-13.38,0.24,0.52,0.34
14869,-250.14,60.89,-10.51,0.23,0.78,0.82
14903,-197.82,15.38,49.04,0.17,0.34,1.14
14937,-250.14,-22.40,20.85,0.15,0.09,0.91
14970,-250.14,29.13,1.21,0.21,0.01,0.74
15004,-250.14,46.58,22.05,0.17,-0.00,1.11
15038,-250.14,15.68,40.93,0.09,-0.53,0.89
15072,-250.14,13.95,13.63,0.10,-0.53,0.85
15106,-245.25,2.87,50.64,0.11,-0.69,0.67
15139,-243.34,-0.14,103.40,0.01,-0.78,0.63
15173,-250.14,11.36,15.82,0.07,-1.02,0.29
15206,-142.02,23.21,-5.80,0.01,-1.05,0.35
15240,-106.56,-6.41,2.70,0.02,-0.95,0.27
15273,-124.10,4.82,11.40,0.03,-0.96,0.16
15307,-200.53,16.60,7.70,0.03,-1.00,0.11
15341,-63.49,-1.81,8.23,-0.01,-1.15,0.04
15375,-64.60,-1.09,-11.18,0.01,-0.97,-0.06
15408,-35.00,8.46,14.47,0.01,-0.97,-0.04
15441,-81.14,7.44,7.79,0.01,-1.01,-0.02
15475,-9.79,3.34,3.29,-0.01,-1.09,-0.09
15509,-44.82,-0.66,-10.19,0.02,-0.93,-0.12
15543,-23.16,9.65,18.93,0.01,-0.98,-0.11
15576,40.98,-9.01,-3.41,-0.03,-1.13,-0.05
15609,-2.33,-18.13,-17.66,0.03,-0.86,-0.23
15643,22.28,21.06,19.57,0.01,-0.94,-0.11
15677,122.86,-0.76,11.44,-0.03,-1.10,0.04
15711,250.13,-55.48,29.28,-0.05,-1.04,0.15
15745,91.09,-21.60,-26.40,-0.03,-1.08,-0.02
15778,142.11,19.27,-21.66,0.02,-1.01,0.15
15811,225.91,-25.00,-30.95,-0.05,-0.99,0.80
15845,199.65,-61.87,-24.44,0.04,-0.89,0.24
15879,250.13,-4.33,10.02,0.08,-0.69,0.25
15912,250.13,37.28,42.24,0.03,-0.51,0.89
15946,250.13,-24.44,1.21,-0.01,-0.45,1.29
15980,250.13,-83.56,8.64,0.05,-0.27,0.89
16014,250.13,-37.63,7.09,0.07,-0.06,1.01
16048,250.13,-47.42,8.69,0.12,0.17,1.17
16081,244.85,-56.16,-3.96,0.16,0.25,0.90
16114,250.13,-54.35,16.44,0.14,0.37,1.02
16148,227.56,-64.07,-20.60,0.17,0.49,0.75
16182,250.13,-46.58,-26.84,0.23,0.64,0.59
16216,250.13,-36.50,-66.26,0.19,0.77,0.59
16249,250.13,-51.09,-31.32,0.17,0.78,0.42
16283,157.97,-21.02,-40.56,0.20,1.05,0.14
16317,193.34,-18.75,-9.55,0.17,1.06,0.32
16351,131.20,-39.06,-17.62,0.15,0.94,0.08
16385,167.69,-12.97,-26.74,0.16,1.09,-0.07
16418,164.18,-29.78,-12.32,0.15,1.14,0.04
16452,179.31,-29.14,-0.89,0.14,0.91,-0.23
16485,85.57,-43.53,-23.83,0.11,1.07,-0.23
16519,79.69,-7.55,7.24,0.14,0.93,-0.48
16552,64.34,-8.98,-11.27,0.12,0.92,-0.25
16586,57.62,-27.46,-5.71,0.09,1.01,-0.43
16620,55.80,10.76,2.06,0.09,0.95,-0.46
16654,31.82,-10.25,-2.42,0.10,0.96,-0.29
16687,8.24,-3.28,12.53,0.14,0.98,-0.54
16720,-32.66,-4.44,3.93,0.11,0.88,-0.42
16754,-90.85,8.05,18.73,0.12,1.06,-0.53
16788,-34.82,16.24,-0.46,0.10,0.80,-0.28
16822,-130.75,-6.82,7.21,0.17,1.23,-0.18
16855,-250.14,-24.96,30.92,0.14,1.07,-0.70
16888,-192.66,67.81,41.45,0.15,0.92,-0.21
16922,-250.14,15.50,6.74,0.14,0.78,0.33
16956,-250.14,9.08,-36.14,0.19,1.07,0.10
16990,-250.14,48.87,24.05,0.15,1.25,0.39
17024,-235.11,38.79,89.69,0.10,0.45,0.73
17057,-250.14,5.44,-1.24,0.13,0.40,0.91
17091,-250.14,5.43,-16.31,0.18,0.50,0.84
17125,-250.14,32.36,14.83,0.17,0.39,0.92
17158,-250.14,12.46,39.65,0.10,0.00,1.10
17191,-250.14,-4.44,19.27,0.15,-0.26,0.98
17225,-250.14,7.53,-7.44,0.16,-0.34,0.80
17259,-250.14,34.01,7.17,0.17,-0.42,0.81
17293,-241.23,20.77,36.68,0.12,-0.67,0.85
17327,-250.14,22.34,7.26,0.09,-0.66,0.65
17360,-232.37,10.85,95.64,0.09,-0.75,0.33
17394,-250.14,49.04,42.50,0.07,-0.98,0.29
17428,-247.15,52.50,12.66,-0.00,-1.01,0.46
17462,-227.50,-20.84,2.14,-0.08,-1.18,0.22
17495,-188.46,-23.73,-35.85,-0.00,-1.06,-0.33
17528,-114.19,11.18,22.45,0.02,-0.83,-0.18
17562,-124.27,10.30,-0.69,-0.03,-1.15,-0.16
17596,31.44,-16.31,-20.32,0.00,-1.04,-0.37
17630,10.27,17.91,16.74,0.04,-0.84,-0.37
17664,-2.27,-10.73,5.38,-0.05,-1.17,-0.05
17697,19.45,6.37,-3.44,0.03,-0.94,-0.40
17730,44.57,11.39,7.96,-0.02,-1.05,-0.12
17764,-3.27,-11.40,-0.78,0.00,-0.94,-0.10
17798,27.85,8.11,2.73,0.03,-0.99,-0.35
17831,82.90,4.04,-3.66,-0.02,-0.91,0.07
17865,243.55,-43.76,23.47,-0.04,-1.01,-0.15
17899,250.13,-39.47,33.12,-0.02,-1.13,0.06
17932,249.12,-24.39,-34.16,-0.03,-0.97,0.32
17966,250.13,-47.93,-4.31,-0.03,-0.98,0.52
17999,250.13,-47.29,-16.98,0.04,-0.82,0.48
18033,250.13,5.09,-31.15,0.06,-0.55,0.76
18067,250.13,-33.43,19.86,0.04,-0.37,1.01
18101,250.13,-34.40,7.89,0.02,-0.35,1.07
18135,250.13,-36.80,10.40,0.10,-0.01,0.94
18168,250.13,-41.26,19.78,0.07,0.06,1.18
18202,250.13,-55.82,8.53,0.12,0.22,0.90
18235,250.13,-49.22,18.82,0.15,0.31,0.98
18269,243.37,-57.69,-30.06,0.16,0.53,0.78
18302,250.13,-34.49,-21.81,0.21,0.69,0.60
18336,247.77,-37.76,-50.92,0.16,0.79,0.65
18370,250.13,-27.38,-5.18,0.22,1.03,0.31
18404,211.28,-14.76,-12.68,0.19,0.85,0.35
18438,196.03,-30.79,-22.57,0.18,0.97,0.16
18471,178.11,-15.07,-19.12,0.19,1.05,-0.01
18505,168.24,-14.80,-17.69,0.15,0.88,0.09
18539,147.38,-21.51,-26.93,0.18,0.98,-0.20
18573,136.62,-20.77,-16.90,0.14,1.04,-0.17
18607,105.17,-26.02,-8.86,0.13,0.96,-0.33
18639,99.38,-15.31,-31.37,0.09,0.93,-0.35
18673,98.63,-21.44,-20.63,0.09,1.13,-0.50
18707,76.06,6.05,5.78,0.09,0.91,-0.38
18741,36.91,-24.75,-15.08,0.08,0.91,-0.44
18775,37.89,1.75,2.37,0.08,0.90,-0.55
18808,15.30,-5.08,-2.91,0.07,0.95,-0.35
18841,16.05,-4.83,1.04,0.07,0.80,-0.59
18875,14.58,-1.83,-9.78,0.07,0.98,-0.41
18909,-23.53,-9.71,8.60,0.07,0.92,-0.59
18942,-10.36,4.64,8.02,0.08,0.85,-0.49
18975,-19.26,-6.45,-7.24,0.08,0.87,-0.46
19009,-95.73,-12.12,3.39,0.07,1.11,-0.51
19043,-200.63,-5.53,47.65,0.09,1.14,-0.75
19077,-134.73,44.61,18.47,0.06,0.85,-0.21
19110,-250.14,-45.15,32.13,0.09,1.25,0.11
19144,-250.14,9.39,50.03,0.15,1.03,-0.62
19178,-250.14,69.44,59.94,0.13,0.94,0.42
19212,-250.14,-18.16,17.35,0.18,0.69,0.50
19246,-250.14,16.98,-20.69,0.24,0.90,0.47
19278,-250.14,46.74,-3.65,0.13,0.74,0.83
19312,-250.14,16.89,71.53,0.16,0.26,0.83
19346,-250.14,16.03,35.91,0.10,-0.17,1.05
19380,-250.14,3.40,2.94,0.16,-0.26,0.80
19414,-250.14,26.94,8.95,0.17,-0.38,0.73
19447,-250.14,36.31,31.38,0.17,-0.67,0.69
19481,-250.14,37.24,41.56,0.09,-0.72,0.59
19515,-250.14,32.06,38.04,0.06,-0.96,0.38
19549,-250.14,23.92,13.21,0.02,-1.12,0.13
19582,-250.14,43.47,19.28,0.03,-0.98,0.12
19615,-203.89,25.03,10.73,-0.01,-1.10,-0.12
19649,-95.70,34.05,29.85,0.00,-1.08,-0.13
19683,-119.63,29.68,6.57,-0.01,-1.05,-0.11
19717,-145.06,0.97,-2.13,-0.05,-1.04,-0.19
19750,-104.63,11.15,7.73,0.01,-0.95,-0.53
19784,-25.32,25.15,25.10,-0.01,-0.87,-0.26
19818,-77.92,-0.98,7.95,-0.02,-1.00,-0.34
19851,-26.17,9.25,-2.58,-0.01,-0.94,-0.47
19885,25.69,4.60,1.63,-0.03,-0.90,-0.45
19918,-32.43,4.12,1.18,-0.02,-0.85,-0.30
19952,12.27,-1.19,4.81,-0.02,-0.94,-0.42
19986,88.83,-20.21,-4.76,-0.04,-0.99,-0.39
20019,42.45,-1.09,0.23,0.02,-0.77,-0.43
20052,82.03,-9.67,8.90,-0.02,-1.00,-0.24
20086,219.40,-66.45,-3.29,-0.11,-1.20,-0.06
20120,250.13,-87.17,-8.41,-0.05,-1.02,-0.54
20154,250.13,12.31,9.98,0.06,-0.84,0.11
20188,250.13,-52.04,9.27,-0.14,-1.11,0.62
20221,250.13,-140.52,-7.18,-0.10,-1.30,0.35
20254,250.13,-115.65,-44.23,0.03,-0.78,0.35
20288,250.13,-33.13,-28.23,0.12,-0.26,0.72
20322,250.13,-59.91,12.15,0.07,-0.24,1.25
20356,250.13,-103.68,-10.07,0.08,-0.16,1.05
20389,238.47,-66.76,-7.52,0.21,0.13,0.67
20423,120.47,-24.94,-15.31,0.21,0.17,0.96
20457,25.45,-17.36,-35.12,0.27,0.41,0.83
20491,43.84,2.24,-2.05,0.28,0.55,0.95
20525,51.00,-9.47,6.75,0.23,0.22,1.02
20557,-0.57,-0.35,-12.72,0.29,0.40,0.80
20591,-29.30,48.53,2.75,0.28,0.60,0.84
20625,37.02,25.21,23.37,0.16,0.21,1.25
20659,-4.25,-0.34,10.18,0.22,0.28,0.85
20692,-55.02,50.43,-25.50,0.22,0.31,0.84
20726,4.04,38.10,-1.73,0.16,0.61,1.20
20759,3.61,-10.43,24.85,0.13,0.21,1.08
20793,-10.18,1.75,-14.69,0.18,0.27,0.88
20827,-5.74,24.92,1.91,0.18,0.43,0.95
20860,4.15,0.93,3.58,0.14,0.30,1.11
20893,-12.94,4.85,-1.07,0.15,0.30,0.92
20927,-29.44,23.57,-1.18,0.14,0.25,0.94
20961,-6.43,28.82,-15.38,0.12,0.31,1.08
20995,-28.30,31.05,-2.68,0.16,0.29,0.84
21028,-15.34,93.16,-27.78,0.12,0.07,0.90
21062,-23.23,62.76,-41.37,0.06,0.47,1.24
21095,38.12,67.73,-6.75,0.04,0.31,0.74
21129,7.12,159.61,-34.89,-0.21,0.32,1.36
21163,-34.69,27.53,23.10,-0.09,0.27,1.24
21196,14.02,84.50,-70.15,-0.06,-0.12,0.37
21230,8.65,197.94,-81.15,-0.32,0.27,1.10
21264,7.40,82.55,-57.41,-0.48,0.31,1.23
21298,17.95,89.01,-51.73,-0.44,0.33,0.63
21330,43.23,120.22,-55.47,-0.47,0.29,0.89
21364,16.63,145.88,-51.39,-0.60,0.17,1.09
21398,14.70,39.76,-20.56,-0.55,0.39,0.92
21432,35.28,94.34,-35.96,-0.61,0.19,0.24
21466,-22.22,170.95,-27.09,-0.79,0.02,0.84
21499,-21.95,88.07,-57.34,-0.76,0.41,1.17
21533,35.11,42.44,-25.31,-0.59,0.39,0.03
21567,58.17,142.39,-43.32,-0.76,0.22,0.58
21601,56.03,65.68,-25.16,-0.86,-0.10,0.55
21635,107.89,31.41,-54.59,-0.91,0.48,0.43
21667,37.28,86.34,-47.62,-0.88,0.07,-0.00
21701,-2.82,130.06,-40.85,-0.90,0.27,0.60
21735,179.96,20.07,-19.23,-0.85,-0.35,0.24
21769,52.60,94.94,-160.43,-1.05,0.15,-0.24
21803,-59.99,151.93,-52.76,-0.96,0.76,0.33
21836,-4.44,91.01,43.57,-0.91,0.03,0.61
21870,3.27,36.66,5.37,-0.95,-0.08,-0.00
21904,-27.55,83.63,5.21,-0.92,0.00,0.14
21937,1.70,3.32,-2.18,-0.89,0.09,0.15
21970,7.45,23.44,-16.32,-0.85,0.15,-0.30
22004,-8.04,33.08,-13.72,-0.90,0.28,-0.03
22038,-7.37,29.11,0.80,-0.88,0.04,-0.25
22071,-19.06,58.72,-16.11,-0.95,0.08,0.01
22105,-16.30,4.95,10.81,-0.92,0.35,-0.09
22138,2.83,23.79,27.29,-0.90,-0.10,-0.20
22172,4.27,23.16,-12.83,-1.00,-0.08,0.21
22206,1.76,-44.36,-11.05,-0.90,0.04,-0.15
22240,2.92,-2.31,2.29,-0.79,-0.03,-0.42
22273,1.96,18.96,-11.98,-0.92,0.10,0.11
22306,5.37,-31.33,5.49,-0.90,0.17,-0.04
22340,-1.05,-31.21,17.91,-0.94,-0.11,-0.00
22374,-9.44,-27.08,-28.28,-0.91,0.02,0.10
22408,2.44,-100.06,14.21,-0.95,0.33,0.27
22440,5.59,-96.10,25.66,-0.98,-0.01,-0.19
22474,8.89,-86.81,2.07,-0.95,0.13,0.41
22508,-1.44,-108.21,-9.12,-1.04,0.06,0.52
22542,64.67,-250.14,141.67,-1.09,0.39,-0.13
22576,12.73,-55.21,11.46,-0.66,-0.72,-0.19
22609,52.96,-104.47,-95.50,-1.12,0.62,1.37
22643,64.59,-250.14,218.23,-1.14,0.58,-0.61
22677,61.18,72.95,84.51,-0.83,-0.71,-0.63
22711,52.85,-41.01,-100.08,-1.25,1.04,2.00
22745,22.28,-250.14,250.13,-0.85,0.39,-0.72
22778,-51.62,72.47,70.89,-0.50,-0.23,0.35
22811,-83.03,-171.20,3.31,-1.00,0.77,2.00
22845,-55.26,-245.05,114.40,-0.43,-0.28,-0.64
22879,-58.95,43.79,-31.15,-0.36,0.75,1.58
22913,-23.12,-250.14,87.34,-0.75,0.78,1.69
22946,-15.18,-180.23,112.81,-0.19,-0.13,0.16
22980,-67.02,-37.01,13.44,-0.08,0.46,1.63
23014,-24.53,-250.14,68.16,-0.33,0.74,1.79
23048,40.82,-208.22,118.27,0.21,-0.30,0.25
23081,40.79,-134.96,17.07,0.20,0.55,1.34
23115,-67.66,-211.55,124.79,0.43,0.40,0.74
23149,-173.82,-150.63,81.92,0.51,-0.08,1.13
23183,-154.82,-250.14,17.20,0.53,0.21,0.77
23217,-71.15,-153.51,100.84,0.80,0.15,0.29
23250,-138.28,-138.82,65.62,0.70,-0.12,1.16
23284,-112.70,-194.20,62.31,0.83,0.07,0.14
23318,3.57,-52.95,113.94,0.97,-0.67,0.62
23351,14.18,-163.53,-15.79,0.85,-0.47,1.10
23385,62.49,-192.69,33.79,1.01,-0.17,0.18
23418,-39.84,-124.45,-25.10,0.90,-0.58,0.48
23452,23.82,-156.92,-43.34,0.96,-0.15,0.19
23486,76.43,-108.40,-34.25,1.04,-0.10,0.07
23520,-44.18,-103.67,-29.97,0.99,0.00,-0.01
23554,10.86,-54.71,-32.36,1.07,-0.14,-0.11
23587,5.31,-81.31,-39.07,0.95,-0.08,0.17
23621,-17.70,-62.79,-27.50,1.03,0.09,-0.31
23655,-5.02,5.59,-13.22,1.05,-0.06,-0.20
23688,9.22,-10.60,-20.75,1.02,0.13,-0.09
23721,-20.79,8.09,1.85,1.04,0.04,-0.12
23755,-10.70,13.43,-5.20,1.06,-0.05,-0.11
23789,8.34,20.95,-15.16,1.05,0.04,-0.02
23823,-1.51,36.34,-6.95,1.09,-0.12,-0.02
23856,8.20,24.24,-35.57,1.04,-0.03,-0.10
23889,10.92,111.13,-7.09,1.20,0.16,-0.43
23923,21.83,143.63,-25.96,0.98,-0.10,0.03
23957,-31.72,183.24,10.52,0.97,0.07,0.38
23991,-39.87,132.02,-30.94,0.87,-0.43,0.14
24025,-36.81,203.78,-56.71,0.90,0.53,0.24
24058,14.03,230.61,66.45,0.85,0.26,0.49
24092,-37.69,205.96,18.59,0.70,-0.68,0.81
24126,97.44,169.56,-69.62,0.68,0.38,0.94
24159,12.59,132.27,31.37,0.87,0.31,0.37
24193,-84.50,250.13,20.75,0.54,-0.22,0.93
24226,-147.56,211.23,-38.90,0.39,0.06,1.48
24260,85.60,91.45,63.21,0.47,0.08,0.77
24294,-31.63,235.24,7.19,0.18,-0.65,0.77
24328,79.21,157.15,-7.82,0.13,0.32,1.57
24361,131.93,60.22,46.11,0.21,0.00,0.69
24395,-24.11,187.50,-39.27,0.00,-0.44,0.87
24429,38.44,134.20,-87.85,-0.15,0.58,1.52
24463,29.86,92.45,46.32,-0.13,0.32,0.87
24496,-32.04,157.74,0.27,-0.20,-0.48,1.03
24529,-71.03,125.46,-109.17,-0.29,0.22,1.03
24563,59.18,140.24,-34.35,-0.40,0.30,0.90
24597,14.20,128.46,-19.14,-0.51,-0.15,0.95
24631,-62.79,108.89,-89.11,-0.56,-0.20,1.15
24665,-13.00,104.84,-114.13,-0.55,0.19,0.54
24698,-84.93,160.60,-18.31,-0.56,0.35,0.75
24732,-36.16,186.18,32.35,-0.71,-0.56,0.73
24766,3.92,136.55,-81.56,-0.83,0.11,1.07
24800,-11.79,119.45,67.43,-0.62,0.26,0.43
24834,219.97,193.36,90.29,-1.01,-0.59,0.04
24867,19.35,165.08,-30.23,-1.10,0.55,1.10
24901,-89.53,57.60,74.30,-0.87,-0.04,0.44
24934,-1.79,143.82,44.92,-0.85,-0.65,-0.21
24968,19.96,138.47,-99.85,-1.00,0.22,0.41
25001,-9.43,121.62,4.53,-1.09,0.29,0.12
25035,-108.19,109.73,21.98,-1.00,0.30,0.23
25069,-42.42,40.23,100.79,-0.86,0.02,0.08
25103,-20.13,89.44,46.71,-0.89,-0.44,-0.26
25137,10.29,73.96,-16.15,-0.89,-0.20,0.33
25170,-0.78,5.66,-40.93,-0.81,0.21,-0.15
25203,-8.47,79.44,-0.47,-0.90,0.15,-0.39
25237,46.67,42.92,-2.47,-0.98,-0.03,0.37
25271,-27.85,-34.25,-35.94,-0.80,0.11,-0.33
25305,25.47,54.56,-21.07,-0.84,0.14,-0.38
25338,23.65,4.85,-2.82,-0.93,0.09,0.11
25372,-4.95,-18.56,-13.34,-0.85,0.02,-0.31
25405,3.19,8.46,-9.15,-0.90,0.12,-0.17
25439,-12.90,-21.84,14.50,-0.86,-0.01,-0.11
25473,2.67,-1.47,-15.82,-0.86,-0.12,-0.34
25506,14.82,12.45,-4.79,-0.95,0.03,0.01
25540,32.34,-52.69,1.88,-0.95,-0.02,0.10
25574,5.93,-65.04,-22.48,-0.93,-0.04,-0.37
25607,35.84,-12.91,-7.30,-0.95,0.16,0.13
25640,10.08,-108.03,42.34,-1.01,0.10,0.33
25674,27.76,-155.08,32.63,-1.02,-0.31,0.18
25708,20.70,-157.85,-54.27,-0.96,-0.21,-0.06
25742,71.47,-113.97,-31.89,-0.98,-0.03,0.20
25776,54.91,-217.09,-28.83,-1.10,0.22,0.67
25809,55.22,-250.14,58.79,-0.90,-0.03,-0.13
25843,26.18,-129.34,-17.45,-0.93,-0.25,0.35
25877,24.10,-234.17,-28.05,-0.85,0.34,0.95
25911,62.66,-235.97,65.11,-0.92,0.31,0.53
25945,99.76,-250.14,112.81,-0.65,0.01,0.58
25977,147.20,-180.34,65.96,-0.48,-0.26,0.54
26011,99.09,-153.76,16.44,-0.26,0.38,0.65
26045,118.21,-183.42,49.08,-0.41,0.58,1.54
26079,81.98,-250.14,126.85,-0.18,0.39,0.56
26113,78.81,-139.54,130.31,-0.03,0.61,0.55
26146,-82.53,-52.30,111.06,0.02,0.59,1.55
26180,-115.99,-250.14,146.44,0.15,0.25,1.10
26214,-80.04,-205.44,74.07,0.36,0.41,0.26
26248,-84.80,-81.06,165.40,0.69,0.48,0.82
26281,-48.61,-103.81,140.02,0.46,-0.28,1.14
26315,-48.77,-182.62,62.82,0.67,0.19,1.00
26349,-91.32,-135.92,98.95,0.86,-0.20,0.42
26383,-82.04,-57.17,34.17,0.86,-0.33,0.83
26417,-41.17,-149.57,15.43,0.80,0.20,1.04
26450,-43.66,-166.63,63.55,0.92,-0.05,0.52
26484,-20.17,-94.53,53.46,1.03,-0.17,0.34
26517,-38.32,-52.63,6.43,0.85,-0.14,0.50
26551,72.82,-78.50,65.31,0.96,0.04,0.77
26585,18.31,-119.44,45.20,0.91,-0.43,0.47
26618,-38.08,-77.09,-8.74,1.02,0.05,0.14
26652,39.24,-36.52,25.47,0.93,-0.22,0.36
26686,-26.03,-54.27,9.74,0.98,0.02,0.44
26720,-32.89,-51.58,31.22,1.00,-0.28,0.24
26753,-46.54,-33.86,-1.42,1.05,-0.20,0.26
26786,-43.07,-53.18,-11.67,1.02,-0.13,0.23
26820,-41.54,-27.57,1.50,1.08,-0.23,0.31
26854,-49.62,-58.71,-2.69,1.12,-0.10,0.21
26888,-38.20,-42.17,1.81,1.06,-0.37,0.08
26921,25.86,-38.47,-20.50,1.07,-0.25,0.13
26955,6.84,-43.43,-19.82,0.97,-0.23,0.12
26988,74.98,-28.20,-24.52,1.04,-0.12,-0.11
27022,68.89,-25.92,-8.76,1.00,-0.20,0.30
27056,17.29,-48.31,-13.79,1.05,-0.07,0.05
27089,35.24,-23.28,-4.27,1.03,-0.19,-0.12
27123,13.90,-8.18,-15.85,1.07,-0.19,0.11
27157,39.54,-28.47,-1.41,1.09,-0.16,0.01
27190,11.43,0.50,-44.63,1.00,-0.27,-0.23
27224,141.98,67.26,-21.49,1.34,-0.03,-0.02
27257,43.98,33.63,-15.99,1.06,-0.09,0.36
27291,-84.27,2.95,-25.67,1.09,-0.22,0.17
27325,-202.01,44.15,-67.93,1.12,-0.46,-0.10
27359,-107.31,105.37,-155.44,1.04,-0.34,0.03
27393,28.42,103.05,-209.99,0.85,0.41,-0.17
27426,34.27,250.13,-83.27,0.98,0.84,-0.36
27460,157.58,250.13,7.03,0.61,0.16,0.47
27494,64.14,219.39,-82.61,0.53,-0.08,1.53
27528,-94.38,-11.88,-151.60,0.67,0.18,0.76
27561,1.09,152.67,-93.22,0.86,0.56,-0.35
27594,87.59,250.13,-83.80,0.24,0.49,0.77
27628,99.68,200.95,-78.99,0.26,0.58,1.27
27662,-44.34,127.60,-83.27,0.33,0.52,0.84
27696,-117.53,205.90,-52.73,0.30,0.93,0.67
27729,-136.22,232.60,31.18,0.12,0.30,0.98
27763,-250.14,190.33,-77.06,-0.15,-0.26,1.35
27797,-122.65,172.33,-73.58,-0.06,0.52,1.13
27831,-2.83,138.12,23.92,-0.16,0.34,1.12
27865,14.50,138.74,-24.88,-0.24,-0.33,0.70
27898,10.46,217.11,-64.89,-0.51,0.48,0.96
27932,14.85,170.62,3.08,-0.65,0.15,1.29
27966,54.04,128.86,-36.04,-0.64,-0.09,0.84
28000,-2.18,150.85,-48.29,-0.63,0.34,0.58
28033,-56.39,184.55,-35.15,-0.82,0.16,0.99
28066,-23.50,91.62,-3.92,-0.73,0.26,1.06
28100,-28.69,82.88,-11.99,-0.73,-0.24,0.45
28134,-40.40,143.64,-121.85,-0.87,-0.25,0.29
28168,-131.85,136.78,-77.10,-0.87,0.36,0.53
28201,-196.09,162.08,3.79,-0.89,0.15,0.49
28235,32.42,112.08,83.50,-0.72,-0.63,0.06
28269,-57.89,159.34,-88.52,-0.99,0.01,0.19
28303,-43.16,191.00,34.27,-0.91,0.35,0.23
28337,-22.82,139.74,54.27,-0.93,-0.48,0.17
28370,-10.70,98.32,-28.05,-0.81,-0.21,0.07
28403,-49.42,107.90,-20.53,-0.91,0.27,0.09
28437,-45.88,49.02,50.44,-0.96,0.09,-0.09
28471,-17.75,48.84,77.02,-0.86,-0.18,-0.17
28505,-8.99,43.92,-8.95,-0.92,-0.52,0.00
28538,11.19,-2.55,-50.17,-0.84,0.19,-0.10
28572,7.24,24.54,-3.99,-0.88,0.28,-0.19
28605,-16.30,-10.56,30.97,-0.76,0.19,-0.26
28639,-7.75,17.76,23.38,-0.82,-0.18,-0.10
28673,-3.30,-56.53,-31.59,-0.99,-0.02,0.06
28706,-19.79,-94.47,-6.53,-0.84,0.23,-0.28
28740,-7.63,-49.66,-3.24,-0.90,0.03,-0.09
28774,9.55,-146.20,29.64,-0.82,0.02,0.17
28808,4.51,-128.05,4.49,-0.89,-0.43,-0.41
28840,-10.53,-71.49,-81.19,-1.12,-0.20,0.45
28874,44.25,-167.51,-62.61,-1.06,0.02,0.30
28908,149.91,-212.99,-67.98,-1.27,-0.07,0.96
28942,149.05,-250.14,12.95,-1.08,0.37,-0.33
28976,168.76,-106.18,77.76,-0.94,-0.40,0.12
29009,64.37,-239.36,29.81,-0.85,0.22,0.78
29043,104.82,-126.03,76.81,-0.81,-0.06,0.81
29077,42.92,-250.14,30.34,-0.80,0.70,1.13
29111,16.46,-179.79,132.14,-0.59,-0.14,0.37
29145,-32.25,-250.14,22.51,-0.61,0.44,2.00
29178,-49.57,-250.14,99.47,-0.31,-0.42,0.56
29212,-127.31,-250.14,-110.53,-0.41,0.61,1.43
29246,105.91,-196.99,116.06,0.57,0.61,-0.01
29280,250.13,-202.35,135.73,-0.02,-0.31,2.00
29314,-60.56,-250.14,-2.87,0.21,0.18,0.53
29347,15.98,-219.12,105.74,0.85,0.51,-0.37
29381,108.60,-91.87,158.24,0.87,0.27,0.60
29415,-0.43,-134.75,154.03,0.91,0.14,1.07
29449,-49.34,-198.56,101.79,0.90,-0.07,0.57
29483,-33.71,-162.26,68.58,1.01,-0.17,0.27
29516,-96.50,-109.11,39.45,0.98,0.04,0.57
29549,-102.88,-175.05,50.35,0.92,0.07,0.37
29583,-76.21,-135.56,38.52,1.01,-0.27,0.12
29617,-84.94,-136.12,6.92,1.01,0.01,0.08
29650,-50.92,-123.46,-0.63,0.92,-0.02,-0.27
29684,-38.85,-64.31,26.12,1.07,0.15,-0.08
29718,-65.88,-101.40,15.98,0.98,-0.32,-0.31
29752,25.82,-12.94,-30.22,1.06,-0.12,-0.58
29786,-25.21,-41.47,-14.02,1.04,0.10,0.22
29819,-12.23,-39.98,8.72,1.09,-0.13,-0.52
29852,-7.83,-11.21,-28.11,0.96,-0.10,-0.36
29886,23.85,10.95,-10.76,1.00,0.08,-0.16
29920,-4.11,-18.65,-9.76,1.01,0.07,-0.14
29954,19.02,2.30,-9.93,0.99,-0.08,-0.49
29987,36.50,35.34,-13.52,1.03,0.07,-0.07
30021,20.52,12.04,5.33,0.90,-0.17,-0.56
30054,161.77,175.91,-51.82,0.97,0.15,-1.12
30088,109.53,232.30,-16.17,0.83,-0.30,0.64
30121,28.78,65.71,-82.15,1.00,0.44,0.00
30155,44.59,250.13,28.31,0.96,-0.25,-0.60
30189,166.63,250.13,-116.91,0.79,0.15,0.43
30223,46.34,250.13,3.15,0.85,0.31,0.55
30257,95.61,250.13,-78.18,0.54,-0.43,0.85
30290,24.18,186.40,-130.95,0.69,0.67,1.06
30324,-51.10,168.65,-10.27,0.63,-0.16,0.49
30358,101.21,250.13,-181.75,0.12,0.18,1.14
30392,0.97,165.53,-59.40,0.43,1.00,1.20
30426,-56.50,125.37,-44.41,0.29,0.07,1.10
30459,-25.74,166.25,-82.35,0.07,0.77,1.22
30493,-35.72,126.61,40.94,0.13,0.55,1.02
30526,-67.26,118.21,-12.85,0.02,-0.27,0.99
30560,-17.29,96.22,-63.40,-0.10,0.41,1.36
30594,-6.79,38.21,15.13,-0.10,0.64,1.13
30627,89.60,-16.64,33.44,-0.10,-0.03,1.20
30661,-43.75,3.73,-35.55,-0.06,0.24,0.76
30695,-14.34,11.47,27.52,-0.04,0.48,0.96
30729,-0.08,-9.13,20.45,-0.08,0.20,1.17
30761,2.43,-12.62,-2.91,0.00,0.03,0.79
30795,-4.66,7.85,7.85,0.01,0.56,1.10
30829,-9.07,-51.28,38.82,-0.00,0.28,1.15
30863,-0.15,-25.60,0.14,0.06,0.15,0.85
30896,-26.77,-23.84,-0.91,0.03,0.48,1.20
30929,-49.38,-65.23,30.28,0.04,0.23,1.20
30963,-77.50,-67.31,20.92,0.14,0.08,0.61
30997,-32.56,-4.34,-22.23,0.18,0.39,1.07
31031,51.83,-73.32,65.60,0.24,0.49,1.13
31065,-17.05,-27.76,97.53,0.22,0.20,0.91
31098,-33.53,-21.65,84.92,0.16,-0.20,1.14
31131,-22.00,-52.32,-9.69,0.25,0.01,0.94
31165,-29.92,-40.83,31.38,0.28,0.49,0.90
31199,-34.49,14.56,102.40,0.29,0.36,0.86
31233,22.74,25.25,133.89,0.16,-0.22,1.12
31266,-59.44,-23.47,60.32,0.22,-0.18,1.16
31300,-102.77,9.56,27.11,0.35,0.06,0.74
31334,-2.01,22.37,96.86,0.17,0.15,1.17
31368,-30.72,45.88,72.02,0.27,-0.21,0.92
31400,-72.37,31.32,49.79,0.31,0.11,1.13
31434,-54.37,-3.31,106.11,0.19,0.18,1.63
31468,-97.91,-166.73,155.91,0.10,-0.38,0.53
31502,65.43,86.31,133.27,0.23,-0.51,0.50
31536,61.31,80.33,78.84,0.13,-0.05,1.70
31569,22.13,-106.01,146.12,0.06,-0.05,1.05
31603,-78.80,37.13,103.53,0.25,-0.41,0.66
31637,-47.26,23.98,49.11,0.16,-0.23,1.23
31671,56.40,-39.66,76.25,0.24,-0.05,1.16
31705,-107.23,-40.34,102.65,0.22,0.01,0.99
31738,-44.97,10.55,124.75,0.24,-0.28,0.85
31771,91.63,18.66,127.56,0.14,-0.29,1.26
31805,10.53,-17.94,111.21,0.05,-0.35,1.18
31839,64.57,-14.60,68.66,0.19,-0.21,0.91
31873,-53.59,3.18,78.15,0.17,-0.13,1.02
31906,57.18,9.16,61.73,0.02,-0.44,1.02
31940,-77.31,-2.70,4.31,0.11,-0.20,1.11
31974,81.46,1.62,20.63,0.15,-0.31,0.92
32007,131.95,7.05,3.01,0.13,-0.00,1.04
32040,48.09,6.02,44.16,0.08,0.07,1.03
32074,113.91,2.54,56.73,0.06,-0.12,1.01
32108,71.74,-0.36,65.83,0.11,0.32,1.13
32142,-27.80,-0.63,88.68,0.02,-0.01,0.99
32176,-37.86,7.05,34.20,-0.10,-0.19,1.01
32208,58.23,7.09,12.73,0.08,-0.06,1.11
32242,-37.38,-16.73,14.89,0.01,0.16,1.08
32276,13.98,-8.18,15.61,0.11,-0.19,0.86
32310,-4.37,30.20,-18.34,0.04,0.09,1.15
32344,13.38,-32.62,4.85,0.11,-0.02,1.01
32376,-19.34,13.85,-25.55,0.12,0.03,0.99
32410,-11.15,-9.65,-15.60,0.01,0.12,1.33
32444,-22.37,-50.77,-36.73,0.13,-0.26,1.01
32478,-90.34,12.39,-82.32,0.06,0.07,0.89
32512,-155.13,18.09,-108.79,0.19,-0.17,1.08
32545,-45.95,2.42,-92.27,0.06,-0.21,1.04
32579,-57.74,23.31,-143.26,0.19,-0.15,0.87
32613,-12.05,19.48,-98.67,0.07,0.01,1.54
32647,-43.79,-80.44,-136.66,0.17,-0.35,0.85
32679,147.37,37.59,-125.21,0.10,0.16,0.84
32713,-65.50,-49.52,-135.29,0.00,-0.52,1.37
32747,20.20,-13.76,-204.92,0.38,0.41,0.61
32781,-9.96,-5.38,-51.39,0.28,0.09,1.38
32815,13.97,-19.75,-63.25,0.32,0.08,0.70
32848,-56.67,45.75,-84.73,0.15,-0.53,1.30
32882,-18.55,-37.13,-153.58,0.25,0.04,1.05
32916,-10.50,31.37,-82.60,0.32,-0.07,0.67
32950,-35.65,55.59,-141.81,0.11,-0.69,1.16
32984,-56.02,8.89,-206.99,0.15,0.03,1.04
33016,-30.20,45.66,-118.56,0.24,0.08,0.92
33050,59.17,77.08,-115.82,0.14,-0.31,1.00
33084,2.24,19.41,-135.86,0.12,0.06,1.33
33118,38.38,-5.04,-105.23,0.21,0.05,0.75
33152,-14.53,75.43,-98.89,0.20,-0.08,0.86
33185,5.68,63.32,-133.21,0.06,-0.04,1.19
33219,42.02,28.79,-96.48,0.12,0.30,1.08
33253,60.63,36.50,-45.20,0.10,-0.08,1.15
33286,6.73,19.73,-121.24,0.03,-0.15,0.97
33319,37.91,23.32,-143.74,0.06,0.04,1.22
33353,49.46,-45.37,-164.74,-0.07,-0.30,1.38
33387,-55.60,0.77,-201.18,0.10,0.46,0.28
33421,12.60,110.95,-113.87,0.13,0.13,1.28
33455,71.24,-30.70,-158.45,-0.11,-0.33,1.86
33488,-68.23,-113.56,-248.08,-0.17,0.18,0.58
33522,-112.95,105.43,-129.24,0.22,0.57,0.29
33556,46.80,147.69,-89.15,-0.04,-0.42,1.72
33590,1.07,-27.33,-223.82,-0.10,-0.49,1.34
33624,24.47,13.05,-231.65,-0.03,-0.35,0.90
33657,26.43,-21.42,-250.14,-0.28,0.40,1.33
33691,-55.02,-61.45,-120.32,-0.05,0.28,0.60
33725,-16.99,87.43,-127.54,0.03,-0.39,0.55
33758,84.40,39.52,-151.27,-0.17,0.02,1.61
33792,-46.64,-45.35,-97.95,0.03,0.00,1.03
33825,13.41,-20.16,-126.25,-0.14,-0.07,1.12
33859,9.82,-20.56,-96.80,-0.03,0.14,0.92
33893,32.20,-2.01,-55.12,0.02,-0.11,1.11
33927,6.67,-27.29,-80.10,-0.07,-0.07,0.91
33960,-16.14,-0.44,-64.73,0.01,-0.10,0.90
33993,-12.15,26.36,-60.17,-0.10,0.21,0.97
34027,-33.07,19.16,-6.82,-0.02,-0.11,1.01
34061,-14.85,34.11,-29.76,-0.05,-0.14,1.10
34095,22.57,15.31,4.05,-0.09,0.11,1.24
34128,11.81,-24.53,21.50,-0.05,-0.21,0.99
34162,40.22,14.35,18.82,0.01,0.08,0.77
34196,77.36,16.99,46.40,-0.08,-0.02,1.20
34229,118.39,-8.80,59.36,-0.13,0.19,1.02
34263,170.40,-3.78,115.70,-0.12,0.45,0.94
34296,46.64,20.82,184.69,0.13,0.14,0.91
34330,72.50,25.34,58.53,-0.09,-0.37,1.25
34364,6.61,-34.05,-2.15,-0.13,0.93,1.27
34398,-102.62,-59.99,228.18,-0.06,0.23,0.67
34432,-74.37,9.73,139.88,0.02,-0.26,0.97
34465,-69.72,-15.42,59.09,0.00,0.29,1.28
34499,-67.28,-12.19,81.50,-0.02,0.14,0.92
34532,15.24,-22.91,149.22,0.12,0.18,1.05
34566,-17.24,-64.29,193.10,0.11,0.02,1.04
34599,-75.61,-35.53,181.83,0.18,-0.05,1.18
34633,-41.86,-96.40,150.50,0.17,0.25,1.08
34667,-5.09,-44.70,250.13,0.06,-0.01,1.02
34701,22.24,-58.72,184.03,0.27,-0.48,1.19
34735,213.18,-111.84,218.34,0.17,0.21,0.46
34768,250.13,24.31,250.13,0.35,-0.12,1.01
34802,38.76,-0.76,132.47,0.35,-0.00,1.48
34836,-13.03,-56.69,118.02,0.27,0.17,0.99
34870,-73.21,-35.99,110.61,0.44,0.12,0.99
34904,-24.81,-54.40,182.29,0.40,0.30,1.13
34936,-77.95,-33.57,190.69,0.41,-0.16,0.86
34970,-100.90,-13.47,145.25,0.49,-0.28,0.77
35004,-58.43,39.73,132.84,0.53,-0.32,0.88
35038,2.01,50.27,123.15,0.39,-0.38,0.97
35072,-13.43,23.08,83.89,0.34,-0.28,1.20
35105,8.64,-55.74,129.71,0.26,-0.13,1.15
35139,57.15,-54.07,145.24,0.40,-0.18,0.91
35173,-40.53,-2.94,137.05,0.30,-0.32,0.97
35207,-72.04,-4.93,104.71,0.41,-0.40,0.55
35240,31.85,63.79,130.54,0.29,-0.39,1.16
35273,-38.94,-40.37,123.90,0.06,-0.24,1.24
35307,115.77,-35.56,127.75,0.40,-0.49,0.56
35341,-14.89,51.33,90.21,0.12,-0.50,0.96
35375,61.42,23.48,90.95,0.21,-0.32,0.94
35408,61.02,5.34,115.42,0.17,-0.38,1.05
35442,140.39,-12.81,97.88,0.16,-0.41,0.98
35476,68.39,29.59,49.51,0.21,-0.20,1.00
35510,-66.98,0.86,68.95,0.22,0.12,1.21
35544,3.69,-16.15,94.15,0.16,-0.39,0.94
35576,88.80,16.10,75.21,0.18,-0.16,0.92
35610,69.57,32.06,91.57,0.27,-0.04,1.01
35644,-10.36,38.50,100.95,0.08,-0.14,1.10
35678,26.72,19.71,55.27,0.10,-0.24,0.94
35712,21.96,31.40,76.41,-0.08,0.01,1.22
35745,-16.67,7.92,51.69,0.01,-0.20,0.96
35779,48.41,22.30,61.83,-0.05,-0.04,1.09
35812,137.07,10.72,74.67,-0.08,-0.11,0.98
35846,41.79,21.81,33.43,-0.12,-0.08,1.05
35879,-1.89,12.95,28.25,-0.14,0.10,1.15
35913,-9.69,-22.47,9.12,-0.13,-0.17,1.11
35947,76.94,-8.15,16.71,-0.01,0.09,0.73
35981,-81.42,43.08,-10.67,-0.11,-0.04,1.10
36015,7.04,-12.04,-8.95,-0.16,-0.02,1.06
36047,-84.45,-9.91,-37.84,-0.15,-0.06,1.18
36081,-11.93,-51.08,-70.61,-0.03,-0.12,0.72
36115,-29.05,47.28,-97.68,0.10,0.03,0.84
36149,-71.08,27.18,-81.50,-0.07,0.02,1.26
36183,-101.60,-19.84,-98.29,-0.03,-0.27,1.27
36216,-37.02,-23.59,-111.37,0.04,-0.10,1.05
36250,36.40,-23.68,-101.08,-0.04,-0.18,1.32
36284,74.53,-88.21,-127.60,0.01,-0.28,1.01
36317,-54.52,-26.27,-153.21,0.16,-0.01,0.77
36350,-31.08,-19.26,-148.68,0.18,-0.04,1.13
36384,36.47,-16.76,-92.43,0.15,-0.25,0.50
36418,75.25,92.48,-95.67,0.12,0.03,0.94
36452,20.43,1.62,-71.18,0.05,-0.12,1.38
36486,-174.47,-19.16,-177.34,0.03,-0.50,1.10
36519,-150.81,54.98,-180.92,0.13,-0.13,0.90
36553,-60.34,75.39,-171.76,0.06,-0.25,1.08
36587,46.41,28.95,-84.79,0.13,-0.05,1.21
36621,-189.73,11.58,-60.83,0.09,-0.81,0.97
36655,-8.17,42.98,-218.76,-0.03,-0.69,0.92
36687,64.92,33.02,-186.38,0.15,0.19,0.95
36721,145.12,29.31,-59.88,0.06,-0.61,0.92
36755,70.70,42.11,-207.45,0.03,-0.18,1.05
36789,72.41,2.76,-121.73,0.18,0.19,1.21
36823,170.42,32.89,-61.75,0.11,-0.31,0.60
36856,8.27,62.94,-139.60,0.06,0.05,1.30
36890,12.50,4.33,-138.61,0.02,0.05,1.13
36924,-5.89,30.95,-114.06,0.15,0.05,1.02
36958,-58.55,34.21,-126.08,0.00,-0.38,1.28
36992,-27.70,-14.50,-151.47,0.09,0.01,0.95
37024,-52.70,68.12,-136.17,0.20,-0.51,0.88
37058,148.60,-8.02,-232.31,-0.13,-0.19,1.49
37092,-9.08,-49.15,-167.26,0.19,0.36,0.57
37126,168.54,99.02,-100.10,0.24,-0.27,0.89
37159,-34.35,16.76,-200.57,-0.14,0.10,1.23
37193,-12.64,27.86,-131.00,0.03,0.26,1.29
37227,37.23,-32.82,-156.76,-0.11,-0.38,1.18
37261,-59.51,-50.61,-166.10,0.05,0.47,0.73
37295,-26.92,42.55,-101.83,0.16,-0.06,0.75
37328,51.06,30.23,-138.87,-0.13,-0.05,1.41
37362,-7.19,-40.81,-126.52,-0.03,0.00,0.86
37396,42.56,18.87,-142.86,-0.11,0.26,1.08
37429,15.57,-20.56,-41.76,0.01,0.35,1.05
37463,22.01,18.95,-54.18,-0.01,-0.11,0.91
37496,20.34,6.93,-37.86,-0.01,0.34,1.20
37530,-15.26,-8.65,-8.88,0.04,-0.01,0.84
37564,8.81,24.94,-29.31,-0.03,0.10,1.08
37598,20.09,5.01,10.02,-0.07,0.42,1.09
37630,17.73,-7.57,58.56,-0.07,0.20,0.92
37664,80.04,22.22,101.76,-0.02,0.34,0.88
37698,73.06,29.50,130.35,-0.14,0.42,1.02
37732,48.06,-3.77,188.30,-0.05,0.66,1.00
37766,75.05,11.27,243.14,-0.01,0.13,0.80
37799,65.78,54.11,178.46,-0.02,0.30,0.99
37833,-31.35,11.18,180.11,-0.02,0.79,1.32
37867,-76.61,-36.47,250.13,-0.08,-0.02,0.81
37901,-66.62,48.65,169.50,0.21,0.23,0.93
37934,-125.58,-48.23,239.19,0.03,0.31,1.36
37967,-199.88,-39.18,236.37,0.20,-0.24,0.42
38001,-62.88,44.97,132.88,0.14,-0.27,1.22
38035,88.70,-90.95,173.79,0.09,0.19,1.58
38069,27.19,-53.17,212.64,0.11,-0.19,0.88
38103,-47.14,-5.25,138.05,0.19,0.01,1.07
38136,-92.24,-31.01,184.58,0.13,-0.25,0.94
38170,-1.02,9.81,124.85,0.24,-0.62,0.78
38204,83.01,11.38,78.50,0.30,0.12,1.09
38238,47.05,36.63,133.93,0.31,0.15,1.24
38272,-33.39,-49.22,175.00,-0.01,-0.13,1.18
38304,33.93,-32.69,114.06,0.24,-0.12,0.77
38338,13.03,61.31,158.47,0.29,0.22,1.30
38372,-25.99,-72.22,202.89,0.08,-0.22,1.14
38406,30.84,-25.71,161.40,0.21,-0.12,0.84
38439,83.60,-0.34,200.93,0.10,-0.01,0.83
38473,159.89,72.35,218.75,0.16,-0.16,0.76
38507,-47.50,128.12,126.06,0.13,-0.26,1.02
38541,-152.50,116.82,96.18,-0.09,-0.23,1.28
38575,-17.36,-1.39,54.49,0.00,-0.50,1.33
38608,-71.89,-28.63,11.43,0.10,0.00,0.88
38642,-71.97,15.66,71.44,0.13,-0.03,1.11
38675,-10.81,-68.24,64.11,0.10,-0.12,0.90
38709,114.32,-15.66,130.61,0.12,-0.09,0.89
38743,22.39,31.83,110.27,0.07,-0.27,1.00
38776,31.66,15.33,53.37,0.05,-0.26,0.98
38810,-19.68,48.50,47.48,0.04,-0.02,1.17
38844,-0.85,-0.86,64.44,-0.02,-0.18,1.03
38878,63.36,23.82,51.47,0.03,-0.18,1.05
38912,20.18,4.63,48.90,-0.00,0.06,1.16
38944,9.61,-7.27,51.32,-0.08,-0.17,1.22
38978,2.91,-30.91,13.05,0.02,-0.13,0.84
39012,-36.94,0.22,18.39,0.11,0.05,1.03
39046,-21.63,-20.73,26.51,-0.11,-0.20,1.11
39079,-15.82,-6.63,-11.23,0.04,-0.14,0.82
39113,14.82,13.82,-0.60,-0.05,-0.12,1.06
39146,34.73,4.31,-24.24,-0.01,-0.16,1.00
39180,-12.03,13.78,-40.02,0.01,-0.07,0.96
39214,-14.60,11.21,-51.70,-0.04,-0.28,0.88
39247,6.98,45.99,-102.21,-0.19,-0.25,0.98
39281,-2.21,9.90,-125.56,0.09,0.10,1.29
39315,-50.09,-37.21,-76.97,-0.02,0.04,1.37
39348,11.44,-66.12,-89.08,0.01,-0.40,1.23
39382,206.98,-94.16,-141.28,-0.07,-0.41,0.99
39415,104.40,-110.37,-233.51,0.07,-0.07,0.80
39449,-59.47,-12.79,-238.09,0.12,0.35,0.64
39483,18.31,63.50,-98.22,0.07,0.36,1.18
39517,-64.53,-61.23,-101.69,-0.05,-0.23,1.61
39550,-117.73,-82.69,-209.86,0.20,-0.06,0.85
39584,-197.16,-13.10,-191.82,0.08,-0.23,1.05
39618,-214.17,1.69,-250.14,0.18,-0.12,0.96
39652,-79.55,35.63,-199.80,0.32,0.26,0.97
39686,-82.54,26.51,-80.45,0.28,-0.28,1.10
39719,-151.88,26.63,-166.82,0.23,-0.61,0.90
39753,-87.26,51.48,-183.85,0.24,-0.29,0.73
39787,137.18,101.53,-128.72,0.31,-0.12,0.98
39821,159.21,37.87,-105.37,0.13,-0.19,1.51
39855,-6.86,-17.05,-131.35,0.28,-0.33,0.75
39888,90.33,65.34,-151.69,0.26,-0.28,0.86
39922,51.74,17.30,-153.42,0.23,0.10,1.27
39955,-10.72,0.63,-119.76,0.25,-0.09,1.00
39989,-31.40,29.81,-148.06,0.31,-0.26,0.88
40023,38.73,71.79,-165.94,0.17,-0.10,1.07
40056,71.56,45.08,-146.03,0.18,-0.14,1.22
40090,-56.35,-5.37,-207.20,0.07,-0.18,1.12
40124,-150.31,46.38,-221.47,0.11,0.04,0.67
40158,7.24,136.33,-145.16,0.19,0.11,0.66
40192,122.01,148.42,-137.43,-0.08,-0.09,1.34
40225,30.48,46.85,-171.75,-0.10,0.10,1.40
40259,29.82,-5.91,-128.05,0.02,-0.01,1.32
40293,-44.20,-13.66,-160.62,0.03,-0.27,0.93
40327,31.23,2.92,-157.29,-0.16,0.34,0.87
40359,49.63,22.58,-61.54,-0.13,0.30,0.95
40393,-32.55,46.32,-28.13,-0.04,-0.12,0.76
40427,76.07,73.95,-63.34,-0.20,0.25,1.33
40461,-71.26,-8.95,-30.03,-0.11,-0.30,1.03
40495,13.69,25.10,-105.34,-0.15,-0.02,1.00
40528,-27.62,-4.62,-43.63,-0.14,0.32,1.24
40562,-33.22,-10.29,-64.31,-0.20,-0.02,0.92
40596,32.67,12.97,-4.11,-0.16,0.41,1.08
40629,-31.88,-8.11,35.21,-0.15,-0.20,0.98
40663,27.27,15.22,-15.93,-0.16,0.01,1.05
40696,26.95,-6.92,42.18,-0.19,0.30,1.18
40730,0.16,-21.66,67.30,-0.16,-0.07,1.01
40764,13.14,-13.50,41.75,-0.15,0.12,0.96
40798,18.36,-9.86,95.86,-0.17,0.31,1.00
40830,11.21,-4.03,148.56,-0.15,0.16,1.02
40864,49.03,4.56,125.15,-0.18,0.10,1.03
40898,175.99,0.55,250.13,-0.02,0.68,0.76
40932,80.28,76.20,250.13,-0.25,0.13,1.05
40966,-77.21,49.48,205.15,-0.15,-0.06,1.08
40999,-41.21,15.70,148.14,-0.13,0.12,1.29
41033,-110.44,-76.98,146.53,-0.06,0.49,1.09
41067,-92.76,-42.43,205.45,0.05,0.15,0.76
41101,18.68,-11.46,176.21,-0.05,0.45,1.05
41135,-78.45,-19.93,250.13,0.07,0.26,0.70
41168,-120.23,50.31,246.15,-0.02,-0.38,0.91
41202,-154.11,14.85,165.47,-0.04,-0.27,1.11
41236,-83.30,11.67,143.67,0.21,-0.18,0.80
41269,-39.14,12.69,65.44,0.05,-0.29,1.24
41303,-37.02,-22.50,72.89,0.16,0.06,1.08
41336,-37.84,12.50,75.47,0.17,-0.30,0.92
41370,23.53,13.46,30.08,0.13,-0.08,1.17
41404,70.18,-2.28,68.69,0.06,-0.08,1.25
41438,-10.37,-23.04,10.95,0.03,-0.30,1.24
41472,46.13,-32.95,2.08,0.07,-0.11,1.00
41504,35.92,-2.75,-11.93,0.08,-0.15,0.99
41538,41.56,3.48,-12.47,0.15,0.17,1.03
41572,16.76,3.95,9.48,0.10,-0.02,1.05
41606,0.57,7.16,-31.91,0.14,-0.01,1.00
41639,22.54,6.28,-1.67,0.14,0.16,0.97
41672,8.99,13.58,0.62,0.09,-0.08,1.01
41706,4.89,8.08,-15.82,0.12,0.14,1.03
41740,1.16,3.43,8.30,0.14,0.06,1.01
41774,14.82,-17.62,-40.00,0.16,0.13,1.03
41806,11.68,-4.54,-12.54,0.32,0.38,0.81
41840,17.49,26.82,18.01,0.22,0.17,0.88
41874,11.02,48.96,0.21,0.15,0.07,0.88
41908,21.95,59.19,-6.62,0.05,0.00,1.15
41942,73.34,-39.91,-31.07,-0.19,-0.07,1.21
41975,-62.46,-27.60,-72.18,0.05,0.07,0.60
42008,-28.12,64.76,-9.60,0.01,0.03,0.76
42042,22.41,104.36,-32.66,-0.07,-0.27,1.00
42076,60.23,23.45,-56.67,-0.23,0.11,1.65
42109,-202.43,-97.27,-77.67,-0.08,0.05,0.98
42143,-200.46,-3.31,-43.50,0.01,0.00,0.71
42177,44.71,43.00,22.83,0.04,-0.27,0.89
42211,65.89,41.56,-17.45,-0.23,-0.45,1.25
42245,52.56,16.42,-62.92,-0.04,0.03,1.09
42277,11.53,38.53,11.21,-0.05,0.19,1.11
42311,74.89,41.01,37.38,-0.17,-0.16,1.15
42345,-2.32,37.56,13.91,-0.15,-0.08,1.28
42379,-51.24,-15.07,-5.70,-0.20,-0.18,1.26
42413,-30.60,4.24,-46.33,-0.10,-0.01,0.92
42446,12.26,43.60,4.42,-0.09,0.12,1.00
42480,12.93,27.62,13.09,-0.26,-0.09,1.28
42513,-63.29,-0.60,-4.54,-0.17,0.06,1.08
42547,-14.16,23.18,22.80,-0.19,-0.12,0.93
42580,65.99,22.97,20.40,-0.21,0.07,1.11
42614,44.47,15.82,47.11,-0.18,0.06,0.87
42648,-9.96,-15.85,24.27,-0.01,-0.08,1.03
42682,1.56,-29.71,-12.99,-0.27,0.02,1.02
42715,-6.53,-40.38,12.70,0.04,-0.03,1.06
42748,-6.23,-62.96,5.26,-0.31,-0.19,0.91
42782,18.12,-40.22,-73.87,-0.13,0.06,0.86
42816,4.60,-11.96,-31.03,0.01,0.17,0.98
42850,-7.07,-2.73,33.26,-0.14,0.01,0.98
42884,-6.62,-47.16,23.59,-0.21,-0.04,1.02
42916,-4.45,-42.37,-4.98,0.07,0.05,1.14
42950,0.08,-9.64,-13.55,-0.01,0.10,1.07
42984,-1.36,-7.57,-4.69,-0.01,0.09,1.06
43018,-1.92,-3.98,1.70,-0.04,0.03,1.04
43051,-2.87,-8.53,-1.77,0.02,-0.00,1.08
43084,-1.38,-2.53,-5.55,-0.05,0.05,1.05
43118,-1.79,-18.78,-11.86,0.01,0.05,1.08
43152,-1.77,-2.76,-1.92,0.03,0.03,1.06
43185,-1.76,0.18,-0.56,-0.01,0.03,1.05
43218,-1.79,-2.16,-1.52,-0.01,0.03,1.04
43252,-1.92,-0.34,-0.34,0.00,0.03,1.05
43285,-1.83,-0.77,-0.95,-0.01,0.03,1.05
43319,-1.92,-1.35,-0.82,0.00,0.03,1.05
43353,-1.93,-0.53,-0.59,-0.01,0.04,1.05
43386,-1.99,0.15,-0.68,0.01,0.04,1.05
43419,-1.86,-0.09,-0.49,-0.00,0.03,1.04
43453,-1.91,-0.08,-0.34,0.01,0.03,1.05
43487,-1.92,-0.21,-0.36,-0.00,0.03,1.04
43520,-1.94,-0.02,-0.36,0.00,0.03,1.05
43553,-1.89,-0.01,-0.49,0.00,0.03,1.05
43587,-1.85,-0.08,-0.36,-0.00,0.03,1.05
43620,-2.06,-0.12,-0.48,0.00,0.03,1.05
43654,-1.86,-0.14,-0.25,-0.00,0.03,1.06
43687,-2.02,-0.18,-0.38,-0.00,0.03,1.04
43721,-1.91,-0.27,-0.44,-0.01,0.03,1.04
43754,-2.00,-0.21,-0.29,0.00,0.03,1.05
43788,-1.89,-0.06,-0.45,-0.00,0.03,1.04
43822,-1.94,-0.17,-0.30,0.00,0.03,1.05
43854,-1.73,-0.04,-0.34,-0.00,0.03,1.05
43888,-1.92,-0.32,-0.43,-0.00,0.02,1.05
43922,-1.86,-0.07,-0.67,-0.00,0.03,1.05
43955,-1.95,-0.26,-0.43,-0.00,0.03,1.05
43988,-1.98,-0.03,-0.63,-0.00,0.03,1.05
44022,-1.89,-0.23,-0.39,-0.00,0.03,1.05
44056,-1.88,-0.10,-0.41,-0.00,0.03,1.05
44089,-1.85,-0.05,-0.40,0.01,0.03,1.05
44123,-1.95,-0.20,-0.35,-0.00,0.03,1.06
44156,-1.80,-0.14,-0.27,-0.00,0.03,1.05
44189,-1.81,-0.06,-0.52,-0.00,0.03,1.04
44223,-1.88,-0.14,-0.53,-0.00,0.04,1.05
44257,-2.21,-0.17,-0.34,-0.01,0.03,1.04
44291,-1.83,-0.13,-0.56,0.00,0.03,1.04
44323,-1.88,-0.09,-0.47,0.00,0.03,1.05
44357,-1.87,-0.30,-0.40,-0.00,0.03,1.05
44391,-1.93,-0.13,-0.63,0.01,0.03,1.06
44424,-1.82,-0.11,-0.22,0.00,0.03,1.05
44457,-2.04,-0.14,-0.48,0.00,0.03,1.04
44491,-1.95,-0.10,-0.44,0.00,0.03,1.05
44524,-1.75,-0.11,-0.46,-0.00,0.03,1.04
44558,-1.73,-0.19,-0.53,-0.01,0.03,1.05
44592,-1.83,-0.15,-0.53,0.00,0.03,1.05
44625,-1.92,-0.02,-0.26,-0.01,0.03,1.05
44658,-1.84,-0.08,-0.31,-0.00,0.03,1.05
44692,-2.12,-0.27,-0.53,0.00,0.03,1.06
44726,-1.86,-0.18,-0.49,-0.00,0.03,1.05
44759,-1.98,-0.19,-0.50,0.00,0.03,1.05
44792,-1.98,-0.07,-0.47,-0.00,0.03,1.05
44826,-1.80,-0.03,-0.34,-0.00,0.04,1.05
44859,-1.90,-0.21,-0.37,0.00,0.03,1.05
44893,-1.78,-0.21,-0.50,-0.01,0.03,1.04
44926,-1.98,-0.18,-0.40,-0.00,0.03,1.05
44960,-1.82,-0.07,-0.40,-0.01,0.04,1.04
44993,-2.07,-0.03,-0.32,0.00,0.03,1.04
45027,-1.86,-0.11,-0.23,0.00,0.02,1.05
45061,-1.76,-0.18,-0.30,-0.00,0.03,1.05
45093,-1.78,-0.07,-0.55,0.00,0.03,1.04
45127,-2.02,-0.21,-0.50,-0.00,0.03,1.05
45161,-1.88,-0.07,-0.43,-0.00,0.03,1.04
45194,-2.00,-0.17,-0.47,0.00,0.03,1.05
45228,-1.83,-0.08,-0.70,0.00,0.03,1.05
45261,-1.93,-0.08,-0.38,0.00,0.03,1.05
45294,-1.82,-0.10,-0.53,0.00,0.03,1.05
45328,-1.93,-0.18,-0.25,-0.00,0.03,1.05
45362,-1.80,-0.05,-0.35,-0.00,0.03,1.06
45395,-1.95,-0.15,-0.45,-0.00,0.03,1.04
45428,-2.00,-0.05,-0.58,-0.00,0.03,1.05
45462,-1.76,-0.08,-0.44,-0.00,0.03,1.06
45496,-1.76,-0.17,-0.38,-0.00,0.03,1.04
45529,-2.02,-0.14,-0.44,-0.00,0.03,1.05
45562,-1.77,-0.17,-0.56,0.00,0.03,1.04
45596,-1.87,-0.15,-0.47,-0.00,0.03,1.05
45629,-1.94,-0.05,-0.58,-0.00,0.04,1.05
45663,-1.82,-0.22,-0.44,-0.00,0.03,1.05
45697,-2.05,-0.16,-0.49,-0.01,0.03,1.05
45730,-1.89,-0.19,-0.35,-0.01,0.03,1.05
45763,-1.78,-0.13,-0.48,0.00,0.03,1.04
45797,-1.91,-0.15,-0.27,0.00,0.04,1.04
45831,-1.88,-0.21,-0.27,0.00,0.03,1.06
45863,-1.79,-0.15,-0.41,-0.00,0.03,1.05
45897,-1.92,-0.08,-0.27,-0.00,0.02,1.04
45931,-1.94,-0.14,-0.22,-0.00,0.03,1.05
45964,-2.06,-0.16,-0.38,0.00,0.04,1.04
45998,-1.91,-0.28,-0.56,-0.00,0.02,1.04
46031,-1.72,-0.06,-0.47,-0.01,0.03,1.05
46065,-1.78,-0.07,-0.26,-0.00,0.03,1.05
46098,-1.82,-0.18,-0.45,-0.00,0.02,1.05
46132,-1.84,-0.11,-0.50,-0.00,0.03,1.04
46166,-1.93,-0.15,-0.37,-0.01,0.03,1.05
46198,-2.08,-0.25,-0.53,0.00,0.04,1.05
46232,-1.80,0.02,-0.44,0.00,0.03,1.05
46266,-1.95,-0.16,-0.41,-0.00,0.03,1.05
46299,-2.11,-0.18,-0.43,-0.00,0.04,1.05
46332,-1.98,-0.05,-0.47,0.00,0.04,1.04
46366,-1.94,-0.11,-0.58,-0.00,0.04,1.04
46400,-1.81,-0.06,-0.57,-0.00,0.03,1.05
46433,-1.90,-0.28,-0.43,-0.00,0.03,1.05
46467,-1.92,-0.07,-0.36,0.00,0.03,1.05
46500,-1.92,-0.27,-0.33,-0.01,0.03,1.05
46533,-1.80,-0.19,-0.35,-0.00,0.03,1.05
46567,-1.89,-0.20,-0.32,0.00,0.03,1.05
46601,-1.90,-0.12,-0.37,-0.00,0.03,1.04
46633,-1.93,-0.05,-0.57,0.00,0.03,1.04
46667,-1.78,-0.20,-0.25,-0.01,0.03,1.05
46701,-1.76,-0.19,-0.42,-0.00,0.03,1.04
46734,-1.79,-0.11,-0.60,0.01,0.03,1.05
46768,-1.74,-0.11,-0.34,-0.00,0.03,1.05
46801,-1.83,-0.19,-0.61,0.00,0.03,1.04
46835,-1.80,-0.19,-0.69,-0.00,0.03,1.04
46868,-1.95,-0.15,-0.37,-0.00,0.03,1.05
46902,-1.94,-0.07,-0.40,-0.00,0.02,1.05
46936,-1.76,-0.19,-0.46,0.00,0.03,1.05
46968,-1.89,-0.22,-0.32,-0.00,0.03,1.05
47002,-1.91,-0.02,-0.39,0.00,0.02,1.05
47036,-1.92,-0.18,-0.36,0.01,0.03,1.06
47069,-1.89,-0.11,-0.35,-0.01,0.04,1.05
47102,-1.84,-0.34,-0.45,0.00,0.03,1.05
47136,-1.99,-0.22,-0.37,-0.00,0.03,1.05
47170,-2.03,-0.18,-0.43,0.00,0.03,1.05
47203,-1.89,-0.18,-0.31,-0.00,0.03,1.05
47237,-1.82,-0.08,-0.57,-0.00,0.03,1.05
47270,-1.84,0.02,-0.10,0.00,0.02,1.05
47303,-1.99,-0.18,-0.23,-0.00,0.03,1.05
47337,-1.76,-0.01,-0.41,0.00,0.03,1.04
47371,-1.90,-0.02,-0.34,-0.00,0.04,1.05
47404,-1.95,-0.16,-0.44,-0.00,0.03,1.05
47437,-1.97,-0.12,-0.34,-0.00,0.03,1.05
47471,-1.79,-0.11,-0.26,-0.01,0.03,1.05
47505,-2.00,-0.21,-0.41,0.00,0.03,1.04
47538,-1.85,-0.04,-0.45,-0.01,0.03,1.05
47571,-1.97,-0.09,-0.31,0.00,0.03,1.05
47605,-1.89,0.05,-0.44,-0.00,0.03,1.04
47638,-1.86,-0.12,-0.37,0.00,0.03,1.05
47672,-1.95,-0.16,-0.32,-0.00,0.03,1.05
47706,-1.92,-0.38,-0.38,0.00,0.04,1.05
47738,-1.84,-0.18,-0.47,0.00,0.03,1.05
47772,-1.95,-0.21,-0.40,0.00,0.03,1.05
47806,-1.95,-0.15,-0.53,0.00,0.03,1.05
47840,-1.95,-0.18,-0.20,-0.00,0.03,1.05
47873,-1.84,-0.10,-0.48,-0.00,0.04,1.05
47906,-1.95,-0.13,-0.38,-0.00,0.03,1.05
47940,-1.93,-0.17,-0.47,0.00,0.03,1.04
47973,-1.73,0.02,-0.31,0.00,0.03,1.05
48007,-1.82,-0.15,-0.47,-0.00,0.03,1.05
48040,-1.80,-0.11,-0.39,0.00,0.03,1.05
48073,-1.89,-0.28,-0.47,-0.00,0.03,1.05
48107,-1.90,-0.09,-0.30,-0.00,0.03,1.05
48141,-1.94,-0.20,-0.47,-0.00,0.03,1.04
48174,-1.86,-0.17,-0.31,-0.00,0.03,1.05
48207,-1.85,-0.18,-0.54,-0.00,0.03,1.05
48241,-1.75,0.03,-0.48,-0.00,0.03,1.04
48275,-2.08,-0.15,-0.30,-0.00,0.03,1.05
48308,-1.85,-0.21,-0.53,-0.00,0.03,1.04
48342,-1.89,-0.10,-0.30,0.00,0.03,1.05
48375,-1.82,-0.23,-0.46,0.00,0.03,1.04
48408,-1.78,-0.23,-0.37,0.00,0.03,1.06
48442,-1.80,-0.15,-0.26,-0.00,0.03,1.05
48476,-1.83,-0.08,-0.28,-0.00,0.03,1.05
48508,-1.76,-0.14,-0.36,-0.00,0.04,1.05
48542,-1.85,-0.21,-0.59,0.00,0.03,1.05
48576,-1.89,-0.30,-0.37,0.00,0.03,1.06
48610,-1.97,-0.20,-0.38,0.00,0.03,1.05
48643,-1.81,-0.20,-0.64,0.00,0.03,1.05
48676,-1.84,-0.22,-0.30,0.00,0.03,1.04
48710,-1.87,-0.03,-0.32,0.00,0.03,1.05
48743,-1.77,-0.09,-0.32,-0.00,0.03,1.05
48777,-1.84,-0.24,-0.37,0.00,0.03,1.04
48811,-1.95,-0.21,-0.36,0.00,0.03,1.05
48843,-1.91,-0.13,-0.53,-0.00,0.03,1.05
48877,-1.75,-0.05,-0.32,-0.01,0.03,1.06
48911,-1.83,-0.24,-0.31,-0.00,0.02,1.05
48945,-1.85,-0.03,-0.35,-0.01,0.03,1.05
48977,-1.81,-0.08,-0.36,0.00,0.03,1.05
49011,-1.86,-0.09,-0.50,0.00,0.03,1.04
49045,-1.91,-0.15,-0.34,-0.00,0.03,1.05
49078,-1.83,-0.12,-0.32,0.01,0.03,1.05
49112,-1.80,-0.18,-0.48,-0.00,0.03,1.06
49145,-1.86,0.02,-0.39,0.00,0.03,1.05
49178,-1.93,-0.05,-0.34,-0.01,0.03,1.05
49212,-1.82,-0.17,-0.37,-0.01,0.03,1.05
49246,-1.82,-0.10,-0.50,0.00,0.03,1.05
49280,-1.83,-0.25,-0.37,-0.00,0.03,1.05
49312,-1.89,-0.18,-0.40,0.00,0.02,1.05
49346,-1.70,0.04,-0.44,-0.00,0.03,1.05
49380,-1.75,-0.22,-0.73,-0.00,0.03,1.05
49413,-1.78,-0.11,-0.40,-0.00,0.03,1.05
49446,-1.95,-0.15,-0.43,-0.00,0.03,1.05
49480,-1.76,-0.01,-0.44,-0.00,0.03,1.05
49513,-1.60,-0.18,-0.18,-0.01,0.03,1.05
49547,-1.85,-0.16,-0.34,-0.00,0.03,1.05
49581,-1.95,-0.26,-0.44,-0.00,0.03,1.05
49614,-2.01,-0.23,-0.32,-0.00,0.04,1.05
49647,-1.95,-0.17,-0.43,0.00,0.03,1.05
49681,-1.79,-0.27,-0.52,-0.01,0.03,1.04
49715,-1.85,-0.20,-0.36,-0.00,0.03,1.05
49747,-2.01,-0.17,-0.44,-0.00,0.03,1.05
49781,-1.87,-0.27,-0.55,-0.00,0.03,1.04
49815,-1.98,-0.18,-0.60,-0.00,0.03,1.04
49848,-1.92,-0.11,-0.42,0.00,0.03,1.05
49882,-2.02,-0.01,-0.44,-0.00,0.03,1.05
49915,-1.84,-0.23,-0.24,-0.00,0.03,1.05
49949,-1.90,-0.12,-0.33,-0.00,0.03,1.04
49982,-1.91,-0.15,-0.40,0.00,0.03,1.05
50016,-1.85,-0.15,-0.43,-0.00,0.03,1.05
50050,-1.88,-0.31,-0.52,-0.00,0.03,1.05
50082,-1.92,-0.24,-0.56,-0.00,0.03,1.05
50116,-1.82,-0.07,-0.39,0.00,0.02,1.05
50150,-1.98,-0.03,-0.40,-0.01,0.03,1.05
50184,-1.90,0.11,-0.36,0.00,0.03,1.04
50216,-1.77,-0.24,-0.48,0.00,0.02,1.05
50250,-1.89,-0.21,-0.51,-0.00,0.03,1.04
50284,-1.83,-0.16,-0.50,0.00,0.03,1.05
50317,-1.88,-0.27,-0.31,-0.01,0.02,1.05
50351,-1.92,-0.17,-0.32,-0.00,0.04,1.05
50384,-1.97,-0.14,-0.34,-0.00,0.03,1.05
50417,-1.83,-0.16,-0.50,-0.01,0.03,1.05
50451,-1.90,-0.17,-0.50,0.00,0.03,1.04
50485,-1.85,-0.08,-0.29,-0.01,0.03,1.04
50519,-1.90,-0.14,-0.44,-0.00,0.03,1.05
50551,-1.85,-0.28,-0.27,-0.01,0.04,1.04
50585,-1.82,-0.15,-0.46,-0.00,0.03,1.04
50619,-2.02,-0.10,-0.46,-0.00,0.02,1.05
50652,-2.02,-0.04,-0.41,0.00,0.03,1.04
50685,-1.89,-0.17,-0.31,-0.00,0.03,1.04
50719,-1.90,-0.15,-0.31,0.00,0.03,1.05
50752,-1.89,-0.18,-0.34,0.00,0.03,1.04
50786,-1.92,-0.16,-0.36,-0.00,0.03,1.05
50820,-1.79,-0.25,-0.31,-0.00,0.03,1.05
50853,-1.78,-0.03,-0.37,-0.00,0.03,1.05
50886,-1.83,-0.05,-0.37,-0.00,0.03,1.05
50920,-1.97,-0.05,-0.46,0.00,0.03,1.05
50954,-1.87,-0.33,-0.39,-0.00,0.03,1.05
50987,-1.81,-0.13,-0.36,0.00,0.03,1.05
51020,-1.96,-0.31,-0.45,-0.01,0.04,1.05
51054,-1.86,-0.29,-0.21,-0.00,0.03,1.05
51087,-2.03,-0.20,-0.55,0.00,0.03,1.05
51121,-1.80,-0.13,-0.42,0.00,0.03,1.04
51154,-1.78,-0.21,-0.52,0.00,0.03,1.05
51188,-1.89,-0.17,-0.46,-0.00,0.03,1.05
51221,-1.83,-0.02,-0.47,-0.00,0.03,1.05
51255,-1.85,-0.20,-0.43,-0.00,0.03,1.04
51289,-1.80,-0.18,-0.56,0.00,0.03,1.05
51321,-1.91,-0.09,-0.23,-0.00,0.03,1.04
51355,-1.84,-0.20,-0.31,-0.00,0.03,1.05
51389,-1.92,-0.27,-0.27,-0.01,0.03,1.05
51422,-1.94,-0.21,-0.40,-0.00,0.04,1.04
51456,-2.06,-0.06,-0.31,0.00,0.04,1.05
51489,-1.76,-0.36,-0.32,-0.00,0.03,1.05
51523,-2.05,-0.27,-0.44,0.00,0.03,1.04
